#
# There is insufficient memory for the Java Runtime Environment to continue.
# Native memory allocation (mmap) failed to map 186646528 bytes. Error detail: G1 virtual space
# Possible reasons:
#   The system is out of physical RAM or swap space
#   This process is running with CompressedOops enabled, and the Java Heap may be blocking the growth of the native heap
# Possible solutions:
#   Reduce memory load on the system
#   Increase physical memory or swap space
#   Check if swap backing store is full
#   Decrease Java heap size (-Xmx/-Xms)
#   Decrease number of Java threads
#   Decrease Java thread stack sizes (-Xss)
#   Set larger code cache with -XX:ReservedCodeCacheSize=
#   JVM is running with Unscaled Compressed Oops mode in which the Java heap is
#     placed in the first 4GB address space. The Java Heap base address is the
#     maximum limit for the native heap growth. Please use -XX:HeapBaseMinAddress
#     to set the Java Heap base and to place the Java Heap above 4GB virtual address.
# This output file may be truncated or incomplete.
#
#  Out of Memory Error (os_windows.cpp:3828), pid=2648, tid=28856
#
# JRE version: OpenJDK Runtime Environment (21.0.5) (build 21.0.5+-12932927-b750.29)
# Java VM: OpenJDK 64-Bit Server VM (21.0.5+-12932927-b750.29, mixed mode, tiered, compressed oops, compressed class ptrs, g1 gc, windows-amd64)
# No core dump will be written. Minidumps are not enabled by default on client versions of Windows
#

---------------  S U M M A R Y ------------

Command Line: --add-opens=java.base/java.util=ALL-UNNAMED --add-opens=java.base/java.lang=ALL-UNNAMED --add-opens=java.base/java.lang.invoke=ALL-UNNAMED --add-opens=java.prefs/java.util.prefs=ALL-UNNAMED --add-exports=jdk.compiler/com.sun.tools.javac.api=ALL-UNNAMED --add-exports=jdk.compiler/com.sun.tools.javac.util=ALL-UNNAMED --add-opens=java.base/java.nio.charset=ALL-UNNAMED --add-opens=java.base/java.net=ALL-UNNAMED --add-opens=java.base/java.util.concurrent.atomic=ALL-UNNAMED -Xmx2048m -Dfile.encoding=UTF-8 -Duser.country=ID -Duser.language=en -Duser.variant -javaagent:C:\Users\USER\.gradle\wrapper\dists\gradle-8.10.2-bin\a04bxjujx95o3nb99gddekhwo\gradle-8.10.2\lib\agents\gradle-instrumentation-agent-8.10.2.jar org.gradle.launcher.daemon.bootstrap.GradleDaemon 8.10.2

Host: Intel(R) Core(TM) i5-8250U CPU @ 1.60GHz, 8 cores, 3G,  Windows 11 , 64 bit Build 26100 (10.0.26100.3323)
Time: Thu Mar 27 07:18:39 2025 SE Asia Standard Time elapsed time: 3924.877044 seconds (0d 1h 5m 24s)

---------------  T H R E A D  ---------------

Current thread (0x0000028659cb4710):  VMThread "VM Thread"          [id=28856, stack(0x0000009d88500000,0x0000009d88600000) (1024K)]

Stack: [0x0000009d88500000,0x0000009d88600000]
Native frames: (J=compiled Java code, j=interpreted, Vv=VM code, C=native code)
V  [jvm.dll+0x6cfb29]
V  [jvm.dll+0x85ded3]
V  [jvm.dll+0x86042e]
V  [jvm.dll+0x860b13]
V  [jvm.dll+0x27e6b6]
V  [jvm.dll+0x6cc385]
V  [jvm.dll+0x6c078a]
V  [jvm.dll+0x35525b]
V  [jvm.dll+0x35ceb6]
V  [jvm.dll+0x3aedd6]
V  [jvm.dll+0x3af0a8]
V  [jvm.dll+0x32792c]
V  [jvm.dll+0x3279b7]
V  [jvm.dll+0x36d80c]
V  [jvm.dll+0x36bfbe]
V  [jvm.dll+0x327081]
V  [jvm.dll+0x36b6d0]
V  [jvm.dll+0x866898]
V  [jvm.dll+0x867c14]
V  [jvm.dll+0x868150]
V  [jvm.dll+0x8683e3]
V  [jvm.dll+0x806368]
V  [jvm.dll+0x6ce3fd]
C  [ucrtbase.dll+0x37b0]
C  [KERNEL32.DLL+0x2e8d7]
C  [ntdll.dll+0xbbf6c]

VM_Operation (0x0000009d912fac60): G1CollectForAllocation, mode: safepoint, requested by thread 0x000002865f3be610


---------------  P R O C E S S  ---------------

Threads class SMR info:
_java_thread_list=0x000002866cbe2a70, length=138, elements={
0x00000286425d8de0, 0x000002865e0362e0, 0x000002865e0398b0, 0x000002865e04db70,
0x000002865e06c660, 0x000002865e04fbb0, 0x000002865e050da0, 0x000002865e0539a0,
0x000002865e075cf0, 0x000002865e1b4e20, 0x000002865e3f8710, 0x0000028660311e90,
0x0000028660310b50, 0x00000286600c87d0, 0x000002866013ba70, 0x000002866013c100,
0x000002866013ce20, 0x000002866240c2b0, 0x000002866240b590, 0x0000028662409b50,
0x000002866240bc20, 0x00000286624094c0, 0x000002866240a1e0, 0x000002866240a870,
0x000002866240af00, 0x0000028662a27600, 0x0000028662a296d0, 0x0000028662a2a3f0,
0x000002866e99e890, 0x000002866ecf6a20, 0x000002866ecf70b0, 0x0000028663c87460,
0x0000028663c86dd0, 0x0000028663c87af0, 0x0000028663c8b600, 0x0000028663c88810,
0x0000028663c88ea0, 0x0000028663c88180, 0x0000028663c89bc0, 0x0000028663c8a8e0,
0x0000028663c8bc90, 0x0000028663c8c320, 0x0000028673193140, 0x0000028673194b80,
0x0000028673191700, 0x0000028673195210, 0x0000028673192ab0, 0x0000028673192420,
0x0000028673198690, 0x00000286731965c0, 0x00000286731993b0, 0x0000028673195f30,
0x0000028673199a40, 0x000002867319a0d0, 0x00000286731972e0, 0x0000028673196c50,
0x000002867319dbe0, 0x000002867319c830, 0x000002867319c1a0, 0x000002867319e270,
0x000002867319cec0, 0x000002867319ef90, 0x000002867319bb10, 0x000002867319f620,
0x00000286731a0340, 0x0000028660991f50, 0x0000028660994020, 0x0000028660993990,
0x00000286609946b0, 0x00000286609918c0, 0x0000028660998ee0, 0x0000028660995a60,
0x0000028660999570, 0x0000028660996780, 0x00000286609974a0, 0x0000028660999c00,
0x000002866099a290, 0x0000028660996e10, 0x000002866099a920, 0x000002866099afb0,
0x00000286609981c0, 0x0000028662764a20, 0x0000028662767ea0, 0x000002866276b9b0,
0x0000028662768530, 0x00000286627698e0, 0x000002866276a600, 0x0000028662767810,
0x000002866276ee30, 0x000002866276f4c0, 0x0000028662765740, 0x000002866276b320,
0x000002866276d3f0, 0x0000028662769f70, 0x000002866276da80, 0x000002866276ac90,
0x0000028662771590, 0x0000028662773660, 0x00000286627722b0, 0x0000028662772940,
0x0000028662772fd0, 0x000002866d060df0, 0x000002866d062830, 0x000002866d062ec0,
0x000002866d063be0, 0x000002866d064900, 0x000002866d061480, 0x000002866d066340,
0x000002866d065620, 0x000002866d0676f0, 0x000002866d0669d0, 0x000002866d064f90,
0x000002866d0621a0, 0x000002866d068aa0, 0x000002866d067d80, 0x000002866d067060,
0x000002866d069130, 0x000002866d069e50, 0x000002866d060760, 0x000002866d064270,
0x000002866d061b10, 0x000002866d068410, 0x000002866d065cb0, 0x000002866d06b200,
0x000002866d06a4e0, 0x000002866d06bf20, 0x000002866d06cc40, 0x000002866d06dff0,
0x000002866d06e680, 0x000002866d06ed10, 0x000002866d06b890, 0x000002865f3b7d10,
0x000002865f3bb820, 0x000002865f3ba470, 0x000002865f3bab00, 0x000002865f3b83a0,
0x000002865f3be610, 0x000002865f3bdf80
}
_to_delete_list=0x000002866e0d8ed0, length=132, elements={
0x00000286425d8de0, 0x000002865e0362e0, 0x000002865e0398b0, 0x000002865e04db70,
0x000002865e06c660, 0x000002865e04fbb0, 0x000002865e050da0, 0x000002865e0539a0,
0x000002865e075cf0, 0x000002865e1b4e20, 0x000002865e3f8710, 0x0000028660311e90,
0x0000028660310b50, 0x00000286600c87d0, 0x000002866013ba70, 0x000002866013c100,
0x000002866013ce20, 0x000002866240c2b0, 0x000002866240b590, 0x0000028662409b50,
0x000002866240bc20, 0x00000286624094c0, 0x000002866240a1e0, 0x000002866240a870,
0x000002866240af00, 0x0000028662a27600, 0x0000028662a296d0, 0x0000028662a2a3f0,
0x000002866e99e890, 0x000002866ecf6a20, 0x000002866ecf70b0, 0x0000028663c87460,
0x0000028663c86dd0, 0x0000028663c87af0, 0x0000028663c8b600, 0x0000028663c88810,
0x0000028663c88ea0, 0x0000028663c88180, 0x0000028663c89bc0, 0x0000028663c8a8e0,
0x0000028663c8bc90, 0x0000028663c8c320, 0x0000028673193140, 0x0000028673194b80,
0x0000028673191700, 0x0000028673195210, 0x0000028673192ab0, 0x0000028673192420,
0x0000028673198690, 0x00000286731965c0, 0x00000286731993b0, 0x0000028673195f30,
0x0000028673199a40, 0x000002867319a0d0, 0x00000286731972e0, 0x0000028673196c50,
0x000002867319dbe0, 0x000002867319c830, 0x000002867319c1a0, 0x000002867319e270,
0x000002867319cec0, 0x000002867319ef90, 0x000002867319bb10, 0x000002867319f620,
0x00000286731a0340, 0x0000028660991f50, 0x0000028660994020, 0x0000028660993990,
0x00000286609946b0, 0x00000286609918c0, 0x0000028660998ee0, 0x0000028660995a60,
0x0000028660999570, 0x0000028660996780, 0x00000286609974a0, 0x0000028660999c00,
0x000002866099a290, 0x0000028660996e10, 0x000002866099a920, 0x000002866099afb0,
0x00000286609981c0, 0x0000028662764a20, 0x0000028662767ea0, 0x000002866276b9b0,
0x0000028662768530, 0x00000286627698e0, 0x000002866276a600, 0x0000028662767810,
0x000002866276ee30, 0x000002866276f4c0, 0x0000028662765740, 0x000002866276b320,
0x000002866276d3f0, 0x0000028662769f70, 0x000002866276da80, 0x000002866276ac90,
0x0000028662771590, 0x0000028662773660, 0x00000286627722b0, 0x0000028662772940,
0x0000028662772fd0, 0x000002866d060df0, 0x000002866d062830, 0x000002866d062ec0,
0x000002866d063be0, 0x000002866d064900, 0x000002866d061480, 0x000002866d066340,
0x000002866d065620, 0x000002866d0676f0, 0x000002866d0669d0, 0x000002866d064f90,
0x000002866d0621a0, 0x000002866d068aa0, 0x000002866d067d80, 0x000002866d067060,
0x000002866d069130, 0x000002866d069e50, 0x000002866d060760, 0x000002866d064270,
0x000002866d061b10, 0x000002866d068410, 0x000002866d065cb0, 0x000002866d06b200,
0x000002866d06a4e0, 0x000002866d06bf20, 0x000002866d06cc40, 0x000002866d06dff0,
0x000002866d06e680, 0x000002866d06ed10, 0x000002866d06b890, 0x000002865f3b7d10
}

Java Threads: ( => current thread )
  0x00000286425d8de0 JavaThread "main"                              [_thread_blocked, id=11404, stack(0x0000009d87e00000,0x0000009d87f00000) (1024K)]
  0x000002865e0362e0 JavaThread "Reference Handler"          daemon [_thread_blocked, id=29240, stack(0x0000009d88600000,0x0000009d88700000) (1024K)]
  0x000002865e0398b0 JavaThread "Finalizer"                  daemon [_thread_blocked, id=25500, stack(0x0000009d88700000,0x0000009d88800000) (1024K)]
  0x000002865e04db70 JavaThread "Signal Dispatcher"          daemon [_thread_blocked, id=29604, stack(0x0000009d88800000,0x0000009d88900000) (1024K)]
  0x000002865e06c660 JavaThread "Attach Listener"            daemon [_thread_blocked, id=21000, stack(0x0000009d88900000,0x0000009d88a00000) (1024K)]
  0x000002865e04fbb0 JavaThread "Service Thread"             daemon [_thread_blocked, id=28920, stack(0x0000009d88a00000,0x0000009d88b00000) (1024K)]
  0x000002865e050da0 JavaThread "Monitor Deflation Thread"   daemon [_thread_blocked, id=29092, stack(0x0000009d88b00000,0x0000009d88c00000) (1024K)]
  0x000002865e0539a0 JavaThread "C2 CompilerThread0"         daemon [_thread_blocked, id=28904, stack(0x0000009d88c00000,0x0000009d88d00000) (1024K)]
  0x000002865e075cf0 JavaThread "C1 CompilerThread0"         daemon [_thread_blocked, id=19816, stack(0x0000009d88d00000,0x0000009d88e00000) (1024K)]
  0x000002865e1b4e20 JavaThread "Common-Cleaner"             daemon [_thread_blocked, id=19544, stack(0x0000009d88e00000,0x0000009d88f00000) (1024K)]
  0x000002865e3f8710 JavaThread "Notification Thread"        daemon [_thread_blocked, id=28876, stack(0x0000009d88f00000,0x0000009d89000000) (1024K)]
  0x0000028660311e90 JavaThread "Daemon health stats"               [_thread_blocked, id=5704, stack(0x0000009d89400000,0x0000009d89500000) (1024K)]
  0x0000028660310b50 JavaThread "Incoming local TCP Connector on port 50892"        [_thread_in_native, id=29680, stack(0x0000009d89500000,0x0000009d89600000) (1024K)]
  0x00000286600c87d0 JavaThread "Daemon periodic checks"            [_thread_blocked, id=29676, stack(0x0000009d89900000,0x0000009d89a00000) (1024K)]
  0x000002866013ba70 JavaThread "Cache worker for journal cache (C:\Users\USER\.gradle\caches\journal-1)"        [_thread_blocked, id=23492, stack(0x0000009d8a200000,0x0000009d8a300000) (1024K)]
  0x000002866013c100 JavaThread "File lock request listener"        [_thread_in_native, id=12728, stack(0x0000009d8a300000,0x0000009d8a400000) (1024K)]
  0x000002866013ce20 JavaThread "Cache worker for file hash cache (C:\Users\USER\.gradle\caches\8.10.2\fileHashes)"        [_thread_blocked, id=21500, stack(0x0000009d8a400000,0x0000009d8a500000) (1024K)]
  0x000002866240c2b0 JavaThread "File watcher server"        daemon [_thread_blocked, id=7792, stack(0x0000009d8a800000,0x0000009d8a900000) (1024K)]
  0x000002866240b590 JavaThread "File watcher consumer"      daemon [_thread_blocked, id=29012, stack(0x0000009d8a900000,0x0000009d8aa00000) (1024K)]
  0x0000028662409b50 JavaThread "jar transforms"                    [_thread_blocked, id=28940, stack(0x0000009d8aa00000,0x0000009d8ab00000) (1024K)]
  0x000002866240bc20 JavaThread "jar transforms Thread 2"           [_thread_blocked, id=22948, stack(0x0000009d8ab00000,0x0000009d8ac00000) (1024K)]
  0x00000286624094c0 JavaThread "jar transforms Thread 3"           [_thread_blocked, id=20648, stack(0x0000009d8ac00000,0x0000009d8ad00000) (1024K)]
  0x000002866240a1e0 JavaThread "jar transforms Thread 4"           [_thread_blocked, id=11384, stack(0x0000009d8ad00000,0x0000009d8ae00000) (1024K)]
  0x000002866240a870 JavaThread "jar transforms Thread 5"           [_thread_blocked, id=28824, stack(0x0000009d8ae00000,0x0000009d8af00000) (1024K)]
  0x000002866240af00 JavaThread "jar transforms Thread 6"           [_thread_blocked, id=17068, stack(0x0000009d8af00000,0x0000009d8b000000) (1024K)]
  0x0000028662a27600 JavaThread "jar transforms Thread 7"           [_thread_blocked, id=13760, stack(0x0000009d8b000000,0x0000009d8b100000) (1024K)]
  0x0000028662a296d0 JavaThread "jar transforms Thread 8"           [_thread_blocked, id=29016, stack(0x0000009d8b100000,0x0000009d8b200000) (1024K)]
  0x0000028662a2a3f0 JavaThread "Cache worker for file content cache (C:\Users\USER\.gradle\caches\8.10.2\fileContent)"        [_thread_blocked, id=16484, stack(0x0000009d8b300000,0x0000009d8b400000) (1024K)]
  0x000002866e99e890 JavaThread "Memory manager"                    [_thread_blocked, id=708, stack(0x0000009d8c800000,0x0000009d8c900000) (1024K)]
  0x000002866ecf6a20 JavaThread "Daemon Thread 2"                   [_thread_blocked, id=29272, stack(0x0000009d87b00000,0x0000009d87c00000) (1024K)]
  0x000002866ecf70b0 JavaThread "Handler for socket connection from /127.0.0.1:50892 to /127.0.0.1:52082"        [_thread_in_native, id=11640, stack(0x0000009d87c00000,0x0000009d87d00000) (1024K)]
  0x0000028663c87460 JavaThread "Cancel handler"                    [_thread_blocked, id=18340, stack(0x0000009d87d00000,0x0000009d87e00000) (1024K)]
  0x0000028663c86dd0 JavaThread "Daemon worker Thread 2"            [_thread_blocked, id=30400, stack(0x0000009d89a00000,0x0000009d89b00000) (1024K)]
  0x0000028663c87af0 JavaThread "Asynchronous log dispatcher for DefaultDaemonConnection: socket connection from /127.0.0.1:50892 to /127.0.0.1:52082"        [_thread_blocked, id=14032, stack(0x0000009d89b00000,0x0000009d89c00000) (1024K)]
  0x0000028663c8b600 JavaThread "Stdin handler"                     [_thread_blocked, id=7408, stack(0x0000009d89c00000,0x0000009d89d00000) (1024K)]
  0x0000028663c88810 JavaThread "Daemon client event forwarder"        [_thread_blocked, id=27780, stack(0x0000009d89d00000,0x0000009d89e00000) (1024K)]
  0x0000028663c88ea0 JavaThread "Cache worker for file hash cache (C:\Users\USER\AndroidStudioProjects\FormLayanan\.gradle\8.10.2\fileHashes)"        [_thread_blocked, id=24984, stack(0x0000009d89e00000,0x0000009d89f00000) (1024K)]
  0x0000028663c88180 JavaThread "Cache worker for Build Output Cleanup Cache (C:\Users\USER\AndroidStudioProjects\FormLayanan\.gradle\buildOutputCleanup)"        [_thread_blocked, id=18532, stack(0x0000009d89f00000,0x0000009d8a000000) (1024K)]
  0x0000028663c89bc0 JavaThread "Cache worker for checksums cache (C:\Users\USER\AndroidStudioProjects\FormLayanan\.gradle\8.10.2\checksums)"        [_thread_blocked, id=2168, stack(0x0000009d8a000000,0x0000009d8a100000) (1024K)]
  0x0000028663c8a8e0 JavaThread "Cache worker for cache directory md-rule (C:\Users\USER\.gradle\caches\8.10.2\md-rule)"        [_thread_blocked, id=8384, stack(0x0000009d8a500000,0x0000009d8a600000) (1024K)]
  0x0000028663c8bc90 JavaThread "Cache worker for cache directory md-supplier (C:\Users\USER\.gradle\caches\8.10.2\md-supplier)"        [_thread_blocked, id=1816, stack(0x0000009d8a600000,0x0000009d8a700000) (1024K)]
  0x0000028663c8c320 JavaThread "Unconstrained build operations"        [_thread_blocked, id=28980, stack(0x0000009d8a700000,0x0000009d8a800000) (1024K)]
  0x0000028673193140 JavaThread "Unconstrained build operations Thread 2"        [_thread_blocked, id=6804, stack(0x0000009d8b400000,0x0000009d8b500000) (1024K)]
  0x0000028673194b80 JavaThread "Unconstrained build operations Thread 3"        [_thread_blocked, id=26896, stack(0x0000009d8b500000,0x0000009d8b600000) (1024K)]
  0x0000028673191700 JavaThread "Unconstrained build operations Thread 4"        [_thread_blocked, id=16708, stack(0x0000009d8b600000,0x0000009d8b700000) (1024K)]
  0x0000028673195210 JavaThread "Unconstrained build operations Thread 5"        [_thread_blocked, id=25112, stack(0x0000009d8b700000,0x0000009d8b800000) (1024K)]
  0x0000028673192ab0 JavaThread "Unconstrained build operations Thread 6"        [_thread_blocked, id=30380, stack(0x0000009d8b800000,0x0000009d8b900000) (1024K)]
  0x0000028673192420 JavaThread "Unconstrained build operations Thread 7"        [_thread_blocked, id=14348, stack(0x0000009d8b900000,0x0000009d8ba00000) (1024K)]
  0x0000028673198690 JavaThread "Unconstrained build operations Thread 8"        [_thread_blocked, id=16112, stack(0x0000009d8b200000,0x0000009d8b300000) (1024K)]
  0x00000286731965c0 JavaThread "Unconstrained build operations Thread 9"        [_thread_blocked, id=3608, stack(0x0000009d8ba00000,0x0000009d8bb00000) (1024K)]
  0x00000286731993b0 JavaThread "Unconstrained build operations Thread 10"        [_thread_blocked, id=26756, stack(0x0000009d8bb00000,0x0000009d8bc00000) (1024K)]
  0x0000028673195f30 JavaThread "Unconstrained build operations Thread 11"        [_thread_blocked, id=16332, stack(0x0000009d8bc00000,0x0000009d8bd00000) (1024K)]
  0x0000028673199a40 JavaThread "Unconstrained build operations Thread 12"        [_thread_blocked, id=25944, stack(0x0000009d8bd00000,0x0000009d8be00000) (1024K)]
  0x000002867319a0d0 JavaThread "Unconstrained build operations Thread 13"        [_thread_blocked, id=13588, stack(0x0000009d8be00000,0x0000009d8bf00000) (1024K)]
  0x00000286731972e0 JavaThread "Unconstrained build operations Thread 14"        [_thread_blocked, id=23868, stack(0x0000009d8bf00000,0x0000009d8c000000) (1024K)]
  0x0000028673196c50 JavaThread "build event listener"              [_thread_blocked, id=30124, stack(0x0000009d8c000000,0x0000009d8c100000) (1024K)]
  0x000002867319dbe0 JavaThread "included builds"                   [_thread_blocked, id=9132, stack(0x0000009d8c100000,0x0000009d8c200000) (1024K)]
  0x000002867319c830 JavaThread "Execution worker"                  [_thread_blocked, id=13400, stack(0x0000009d8c200000,0x0000009d8c300000) (1024K)]
  0x000002867319c1a0 JavaThread "Execution worker Thread 2"         [_thread_blocked, id=29512, stack(0x0000009d8c300000,0x0000009d8c400000) (1024K)]
  0x000002867319e270 JavaThread "Execution worker Thread 3"         [_thread_blocked, id=28724, stack(0x0000009d8c400000,0x0000009d8c500000) (1024K)]
  0x000002867319cec0 JavaThread "Execution worker Thread 4"         [_thread_blocked, id=30100, stack(0x0000009d8c500000,0x0000009d8c600000) (1024K)]
  0x000002867319ef90 JavaThread "Execution worker Thread 5"         [_thread_blocked, id=17880, stack(0x0000009d8c600000,0x0000009d8c700000) (1024K)]
  0x000002867319bb10 JavaThread "Execution worker Thread 6"         [_thread_blocked, id=14816, stack(0x0000009d8c700000,0x0000009d8c800000) (1024K)]
  0x000002867319f620 JavaThread "Execution worker Thread 7"         [_thread_blocked, id=7800, stack(0x0000009d8c900000,0x0000009d8ca00000) (1024K)]
  0x00000286731a0340 JavaThread "Cache worker for execution history cache (C:\Users\USER\AndroidStudioProjects\FormLayanan\.gradle\8.10.2\executionHistory)"        [_thread_blocked, id=13764, stack(0x0000009d8ca00000,0x0000009d8cb00000) (1024K)]
  0x0000028660991f50 JavaThread "WorkerExecutor Queue"              [_thread_blocked, id=8044, stack(0x0000009d8cb00000,0x0000009d8cc00000) (1024K)]
  0x0000028660994020 JavaThread "Unconstrained build operations Thread 15"        [_thread_blocked, id=21272, stack(0x0000009d8cc00000,0x0000009d8cd00000) (1024K)]
  0x0000028660993990 JavaThread "Unconstrained build operations Thread 16"        [_thread_blocked, id=9248, stack(0x0000009d8cd00000,0x0000009d8ce00000) (1024K)]
  0x00000286609946b0 JavaThread "Unconstrained build operations Thread 17"        [_thread_blocked, id=26428, stack(0x0000009d8ce00000,0x0000009d8cf00000) (1024K)]
  0x00000286609918c0 JavaThread "Unconstrained build operations Thread 18"        [_thread_blocked, id=15932, stack(0x0000009d8cf00000,0x0000009d8d000000) (1024K)]
  0x0000028660998ee0 JavaThread "Unconstrained build operations Thread 19"        [_thread_blocked, id=16972, stack(0x0000009d8d000000,0x0000009d8d100000) (1024K)]
  0x0000028660995a60 JavaThread "Unconstrained build operations Thread 20"        [_thread_blocked, id=13900, stack(0x0000009d8d100000,0x0000009d8d200000) (1024K)]
  0x0000028660999570 JavaThread "Unconstrained build operations Thread 21"        [_thread_blocked, id=12828, stack(0x0000009d8d200000,0x0000009d8d300000) (1024K)]
  0x0000028660996780 JavaThread "WorkerExecutor Queue Thread 2"        [_thread_blocked, id=26568, stack(0x0000009d8d300000,0x0000009d8d400000) (1024K)]
  0x00000286609974a0 JavaThread "Unconstrained build operations Thread 22"        [_thread_blocked, id=13272, stack(0x0000009d8d400000,0x0000009d8d500000) (1024K)]
  0x0000028660999c00 JavaThread "Unconstrained build operations Thread 23"        [_thread_blocked, id=15152, stack(0x0000009d8d500000,0x0000009d8d600000) (1024K)]
  0x000002866099a290 JavaThread "Unconstrained build operations Thread 24"        [_thread_blocked, id=20080, stack(0x0000009d8d600000,0x0000009d8d700000) (1024K)]
  0x0000028660996e10 JavaThread "Unconstrained build operations Thread 25"        [_thread_blocked, id=20736, stack(0x0000009d8d700000,0x0000009d8d800000) (1024K)]
  0x000002866099a920 JavaThread "Unconstrained build operations Thread 26"        [_thread_blocked, id=11392, stack(0x0000009d8d800000,0x0000009d8d900000) (1024K)]
  0x000002866099afb0 JavaThread "Unconstrained build operations Thread 27"        [_thread_blocked, id=3192, stack(0x0000009d8d900000,0x0000009d8da00000) (1024K)]
  0x00000286609981c0 JavaThread "Unconstrained build operations Thread 28"        [_thread_blocked, id=8832, stack(0x0000009d8da00000,0x0000009d8db00000) (1024K)]
  0x0000028662764a20 JavaThread "WorkerExecutor Queue Thread 3"        [_thread_blocked, id=6552, stack(0x0000009d8db00000,0x0000009d8dc00000) (1024K)]
  0x0000028662767ea0 JavaThread "WorkerExecutor Queue Thread 4"        [_thread_blocked, id=6536, stack(0x0000009d8dc00000,0x0000009d8dd00000) (1024K)]
  0x000002866276b9b0 JavaThread "WorkerExecutor Queue Thread 5"        [_thread_blocked, id=26616, stack(0x0000009d8dd00000,0x0000009d8de00000) (1024K)]
  0x0000028662768530 JavaThread "WorkerExecutor Queue Thread 6"        [_thread_blocked, id=25380, stack(0x0000009d8de00000,0x0000009d8df00000) (1024K)]
  0x00000286627698e0 JavaThread "WorkerExecutor Queue Thread 7"        [_thread_blocked, id=21472, stack(0x0000009d8df00000,0x0000009d8e000000) (1024K)]
  0x000002866276a600 JavaThread "WorkerExecutor Queue Thread 8"        [_thread_blocked, id=22616, stack(0x0000009d8e000000,0x0000009d8e100000) (1024K)]
  0x0000028662767810 JavaThread "Unconstrained build operations Thread 29"        [_thread_blocked, id=27732, stack(0x0000009d8e100000,0x0000009d8e200000) (1024K)]
  0x000002866276ee30 JavaThread "Unconstrained build operations Thread 30"        [_thread_blocked, id=23176, stack(0x0000009d8e200000,0x0000009d8e300000) (1024K)]
  0x000002866276f4c0 JavaThread "Unconstrained build operations Thread 31"        [_thread_blocked, id=8648, stack(0x0000009d8e300000,0x0000009d8e400000) (1024K)]
  0x0000028662765740 JavaThread "Unconstrained build operations Thread 32"        [_thread_blocked, id=26808, stack(0x0000009d8e400000,0x0000009d8e500000) (1024K)]
  0x000002866276b320 JavaThread "Unconstrained build operations Thread 33"        [_thread_blocked, id=21020, stack(0x0000009d8e500000,0x0000009d8e600000) (1024K)]
  0x000002866276d3f0 JavaThread "Unconstrained build operations Thread 34"        [_thread_blocked, id=13484, stack(0x0000009d8e600000,0x0000009d8e700000) (1024K)]
  0x0000028662769f70 JavaThread "Unconstrained build operations Thread 35"        [_thread_blocked, id=22140, stack(0x0000009d8e700000,0x0000009d8e800000) (1024K)]
  0x000002866276da80 JavaThread "Unconstrained build operations Thread 36"        [_thread_blocked, id=11796, stack(0x0000009d8e800000,0x0000009d8e900000) (1024K)]
  0x000002866276ac90 JavaThread "Unconstrained build operations Thread 37"        [_thread_blocked, id=19444, stack(0x0000009d8e900000,0x0000009d8ea00000) (1024K)]
  0x0000028662771590 JavaThread "Unconstrained build operations Thread 38"        [_thread_blocked, id=29896, stack(0x0000009d8ea00000,0x0000009d8eb00000) (1024K)]
  0x0000028662773660 JavaThread "Unconstrained build operations Thread 39"        [_thread_blocked, id=11484, stack(0x0000009d8eb00000,0x0000009d8ec00000) (1024K)]
  0x00000286627722b0 JavaThread "Unconstrained build operations Thread 40"        [_thread_blocked, id=4008, stack(0x0000009d8ec00000,0x0000009d8ed00000) (1024K)]
  0x0000028662772940 JavaThread "Unconstrained build operations Thread 41"        [_thread_blocked, id=5448, stack(0x0000009d8ed00000,0x0000009d8ee00000) (1024K)]
  0x0000028662772fd0 JavaThread "Unconstrained build operations Thread 42"        [_thread_blocked, id=7104, stack(0x0000009d8ee00000,0x0000009d8ef00000) (1024K)]
  0x000002866d060df0 JavaThread "Unconstrained build operations Thread 43"        [_thread_blocked, id=1928, stack(0x0000009d8ef00000,0x0000009d8f000000) (1024K)]
  0x000002866d062830 JavaThread "Unconstrained build operations Thread 44"        [_thread_blocked, id=14320, stack(0x0000009d8f000000,0x0000009d8f100000) (1024K)]
  0x000002866d062ec0 JavaThread "Unconstrained build operations Thread 45"        [_thread_blocked, id=23420, stack(0x0000009d8f100000,0x0000009d8f200000) (1024K)]
  0x000002866d063be0 JavaThread "Unconstrained build operations Thread 46"        [_thread_blocked, id=27572, stack(0x0000009d8f200000,0x0000009d8f300000) (1024K)]
  0x000002866d064900 JavaThread "Unconstrained build operations Thread 47"        [_thread_blocked, id=22736, stack(0x0000009d8f300000,0x0000009d8f400000) (1024K)]
  0x000002866d061480 JavaThread "Unconstrained build operations Thread 48"        [_thread_blocked, id=14700, stack(0x0000009d8f400000,0x0000009d8f500000) (1024K)]
  0x000002866d066340 JavaThread "Unconstrained build operations Thread 49"        [_thread_blocked, id=1108, stack(0x0000009d8f500000,0x0000009d8f600000) (1024K)]
  0x000002866d065620 JavaThread "Unconstrained build operations Thread 50"        [_thread_blocked, id=8460, stack(0x0000009d8f600000,0x0000009d8f700000) (1024K)]
  0x000002866d0676f0 JavaThread "Unconstrained build operations Thread 51"        [_thread_blocked, id=18576, stack(0x0000009d8f700000,0x0000009d8f800000) (1024K)]
  0x000002866d0669d0 JavaThread "Unconstrained build operations Thread 52"        [_thread_blocked, id=30304, stack(0x0000009d8f800000,0x0000009d8f900000) (1024K)]
  0x000002866d064f90 JavaThread "Unconstrained build operations Thread 53"        [_thread_blocked, id=25596, stack(0x0000009d8fb00000,0x0000009d8fc00000) (1024K)]
  0x000002866d0621a0 JavaThread "Unconstrained build operations Thread 54"        [_thread_blocked, id=11812, stack(0x0000009d8fc00000,0x0000009d8fd00000) (1024K)]
  0x000002866d068aa0 JavaThread "Unconstrained build operations Thread 55"        [_thread_blocked, id=4464, stack(0x0000009d8fd00000,0x0000009d8fe00000) (1024K)]
  0x000002866d067d80 JavaThread "Unconstrained build operations Thread 56"        [_thread_blocked, id=16536, stack(0x0000009d8fe00000,0x0000009d8ff00000) (1024K)]
  0x000002866d067060 JavaThread "Unconstrained build operations Thread 57"        [_thread_blocked, id=19400, stack(0x0000009d8ff00000,0x0000009d90000000) (1024K)]
  0x000002866d069130 JavaThread "Unconstrained build operations Thread 58"        [_thread_blocked, id=19448, stack(0x0000009d90000000,0x0000009d90100000) (1024K)]
  0x000002866d069e50 JavaThread "Unconstrained build operations Thread 59"        [_thread_blocked, id=10172, stack(0x0000009d90100000,0x0000009d90200000) (1024K)]
  0x000002866d060760 JavaThread "Unconstrained build operations Thread 60"        [_thread_blocked, id=29656, stack(0x0000009d90200000,0x0000009d90300000) (1024K)]
  0x000002866d064270 JavaThread "Unconstrained build operations Thread 61"        [_thread_blocked, id=21916, stack(0x0000009d90300000,0x0000009d90400000) (1024K)]
  0x000002866d061b10 JavaThread "Unconstrained build operations Thread 62"        [_thread_blocked, id=19936, stack(0x0000009d90400000,0x0000009d90500000) (1024K)]
  0x000002866d068410 JavaThread "Unconstrained build operations Thread 63"        [_thread_blocked, id=28276, stack(0x0000009d90500000,0x0000009d90600000) (1024K)]
  0x000002866d065cb0 JavaThread "Unconstrained build operations Thread 64"        [_thread_blocked, id=29380, stack(0x0000009d90600000,0x0000009d90700000) (1024K)]
  0x000002866d06b200 JavaThread "Unconstrained build operations Thread 65"        [_thread_blocked, id=27992, stack(0x0000009d90700000,0x0000009d90800000) (1024K)]
  0x000002866d06a4e0 JavaThread "Unconstrained build operations Thread 66"        [_thread_blocked, id=12980, stack(0x0000009d90800000,0x0000009d90900000) (1024K)]
  0x000002866d06bf20 JavaThread "Unconstrained build operations Thread 67"        [_thread_blocked, id=13412, stack(0x0000009d90900000,0x0000009d90a00000) (1024K)]
  0x000002866d06cc40 JavaThread "pool-6-thread-1"                   [_thread_blocked, id=20888, stack(0x0000009d8f900000,0x0000009d8fa00000) (1024K)]
  0x000002866d06dff0 JavaThread "stderr"                            [_thread_in_native, id=16032, stack(0x0000009d90a00000,0x0000009d90b00000) (1024K)]
  0x000002866d06e680 JavaThread "stdout"                            [_thread_in_native, id=25152, stack(0x0000009d90b00000,0x0000009d90c00000) (1024K)]
  0x000002866d06ed10 JavaThread "stderr"                            [_thread_in_native, id=20376, stack(0x0000009d90c00000,0x0000009d90d00000) (1024K)]
  0x000002866d06b890 JavaThread "stdout"                            [_thread_in_native, id=30608, stack(0x0000009d90d00000,0x0000009d90e00000) (1024K)]
  0x000002865f3b7d10 JavaThread "Unconstrained build operations Thread 68"        [_thread_blocked, id=23396, stack(0x0000009d8fa00000,0x0000009d8fb00000) (1024K)]
  0x000002865f3bb820 JavaThread "Unconstrained build operations Thread 69"        [_thread_blocked, id=16304, stack(0x0000009d90e00000,0x0000009d90f00000) (1024K)]
  0x000002865f3ba470 JavaThread "Unconstrained build operations Thread 70"        [_thread_blocked, id=26556, stack(0x0000009d90f00000,0x0000009d91000000) (1024K)]
  0x000002865f3bab00 JavaThread "Unconstrained build operations Thread 71"        [_thread_blocked, id=18368, stack(0x0000009d91000000,0x0000009d91100000) (1024K)]
  0x000002865f3b83a0 JavaThread "Unconstrained build operations Thread 72"        [_thread_blocked, id=29076, stack(0x0000009d91100000,0x0000009d91200000) (1024K)]
  0x000002865f3be610 JavaThread "Unconstrained build operations Thread 73"        [_thread_blocked, id=26304, stack(0x0000009d91200000,0x0000009d91300000) (1024K)]
  0x000002865f3bdf80 JavaThread "Unconstrained build operations Thread 74"        [_thread_blocked, id=24132, stack(0x0000009d91300000,0x0000009d91400000) (1024K)]
Total: 138

Other Threads:
=>0x0000028659cb4710 VMThread "VM Thread"                           [id=28856, stack(0x0000009d88500000,0x0000009d88600000) (1024K)]
  0x0000028659c22390 WatcherThread "VM Periodic Task Thread"        [id=29148, stack(0x0000009d88400000,0x0000009d88500000) (1024K)]
  0x0000028642632ce0 WorkerThread "GC Thread#0"                     [id=9880, stack(0x0000009d87f00000,0x0000009d88000000) (1024K)]
  0x000002865eaa6100 WorkerThread "GC Thread#1"                     [id=6028, stack(0x0000009d89000000,0x0000009d89100000) (1024K)]
  0x000002865eb2fbc0 WorkerThread "GC Thread#2"                     [id=19616, stack(0x0000009d89100000,0x0000009d89200000) (1024K)]
  0x000002865e4ecaf0 WorkerThread "GC Thread#3"                     [id=29060, stack(0x0000009d89200000,0x0000009d89300000) (1024K)]
  0x000002865ee51780 WorkerThread "GC Thread#4"                     [id=12716, stack(0x0000009d89300000,0x0000009d89400000) (1024K)]
  0x000002866014b1f0 WorkerThread "GC Thread#5"                     [id=29668, stack(0x0000009d89600000,0x0000009d89700000) (1024K)]
  0x000002866014b590 WorkerThread "GC Thread#6"                     [id=29160, stack(0x0000009d89700000,0x0000009d89800000) (1024K)]
  0x000002866014ae50 WorkerThread "GC Thread#7"                     [id=19068, stack(0x0000009d89800000,0x0000009d89900000) (1024K)]
  0x0000028642644a10 ConcurrentGCThread "G1 Main Marker"            [id=15320, stack(0x0000009d88000000,0x0000009d88100000) (1024K)]
  0x0000028642645bc0 WorkerThread "G1 Conc#0"                       [id=7488, stack(0x0000009d88100000,0x0000009d88200000) (1024K)]
  0x000002866014aab0 WorkerThread "G1 Conc#1"                       [id=29120, stack(0x0000009d8a100000,0x0000009d8a200000) (1024K)]
  0x000002864269e4f0 ConcurrentGCThread "G1 Refine#0"               [id=29152, stack(0x0000009d88200000,0x0000009d88300000) (1024K)]
  0x0000028662446c90 ConcurrentGCThread "G1 Refine#1"               [id=23168, stack(0x0000009d91400000,0x0000009d91500000) (1024K)]
  0x0000028659af50d0 ConcurrentGCThread "G1 Service"                [id=28960, stack(0x0000009d88300000,0x0000009d88400000) (1024K)]
Total: 16

Threads with active compile tasks:
Total: 0

VM state: at safepoint (normal execution)

VM Mutex/Monitor currently owned by a thread:  ([mutex/lock_event])
[0x00007ffe119ed360] Threads_lock - owner thread: 0x0000028659cb4710
[0x00007ffe119ed460] Heap_lock - owner thread: 0x000002865f3be610

Heap address: 0x0000000080000000, size: 2048 MB, Compressed Oops mode: 32-bit

CDS archive(s) not mapped
Compressed class space mapped at: 0x0000000100000000-0x0000000140000000, reserved size: 1073741824
Narrow klass base: 0x0000000000000000, Narrow klass shift: 3, Narrow klass range: 0x140000000

GC Precious Log:
 CardTable entry size: 512
 Card Set container configuration: InlinePtr #cards 5 size 8 Array Of Cards #cards 12 size 40 Howl #buckets 4 coarsen threshold 1843 Howl Bitmap #cards 512 size 80 coarsen threshold 460 Card regions per heap region 1 cards per card region 2048
 CPUs: 8 total, 8 available
 Memory: 3983M
 Large Page Support: Disabled
 NUMA Support: Disabled
 Compressed Oops: Enabled (32-bit)
 Heap Region Size: 1M
 Heap Min Capacity: 8M
 Heap Initial Capacity: 64M
 Heap Max Capacity: 2G
 Pre-touch: Disabled
 Parallel Workers: 8
 Concurrent Workers: 2
 Concurrent Refinement Workers: 8
 Periodic GC: Disabled

Heap:
 garbage-first heap   total 864256K, used 260146K [0x0000000080000000, 0x0000000100000000)
  region size 1024K, 4 young (4096K), 4 survivors (4096K)
 Metaspace       used 216008K, committed 218368K, reserved 1245184K
  class space    used 26759K, committed 28224K, reserved 1048576K

Heap Regions: E=young(eden), S=young(survivor), O=old, HS=humongous(starts), HC=humongous(continues), CS=collection set, F=free, TAMS=top-at-mark-start, PB=parsable bottom
|   0|0x0000000080000000, 0x0000000080100000, 0x0000000080100000|100%| O|  |TAMS 0x0000000080100000| PB 0x0000000080000000| Untracked 
|   1|0x0000000080100000, 0x0000000080200000, 0x0000000080200000|100%| O|  |TAMS 0x0000000080200000| PB 0x0000000080100000| Updating 
|   2|0x0000000080200000, 0x0000000080300000, 0x0000000080300000|100%|HS|  |TAMS 0x0000000080300000| PB 0x0000000080200000| Complete 
|   3|0x0000000080300000, 0x0000000080400000, 0x0000000080400000|100%|HC|  |TAMS 0x0000000080400000| PB 0x0000000080300000| Complete 
|   4|0x0000000080400000, 0x0000000080500000, 0x0000000080500000|100%|HC|  |TAMS 0x0000000080500000| PB 0x0000000080400000| Complete 
|   5|0x0000000080500000, 0x0000000080600000, 0x0000000080600000|100%|HC|  |TAMS 0x0000000080600000| PB 0x0000000080500000| Complete 
|   6|0x0000000080600000, 0x0000000080700000, 0x0000000080700000|100%| O|  |TAMS 0x0000000080700000| PB 0x0000000080600000| Untracked 
|   7|0x0000000080700000, 0x0000000080800000, 0x0000000080800000|100%| O|  |TAMS 0x0000000080800000| PB 0x0000000080700000| Untracked 
|   8|0x0000000080800000, 0x0000000080900000, 0x0000000080900000|100%| O|  |TAMS 0x0000000080900000| PB 0x0000000080800000| Untracked 
|   9|0x0000000080900000, 0x0000000080a00000, 0x0000000080a00000|100%|HS|  |TAMS 0x0000000080a00000| PB 0x0000000080900000| Complete 
|  10|0x0000000080a00000, 0x0000000080b00000, 0x0000000080b00000|100%| O|  |TAMS 0x0000000080b00000| PB 0x0000000080a00000| Untracked 
|  11|0x0000000080b00000, 0x0000000080c00000, 0x0000000080c00000|100%| O|  |TAMS 0x0000000080c00000| PB 0x0000000080b00000| Untracked 
|  12|0x0000000080c00000, 0x0000000080d00000, 0x0000000080d00000|100%| O|  |TAMS 0x0000000080d00000| PB 0x0000000080c00000| Updating 
|  13|0x0000000080d00000, 0x0000000080e00000, 0x0000000080e00000|100%| O|  |TAMS 0x0000000080e00000| PB 0x0000000080d00000| Untracked 
|  14|0x0000000080e00000, 0x0000000080f00000, 0x0000000080f00000|100%| O|  |TAMS 0x0000000080f00000| PB 0x0000000080e00000| Untracked 
|  15|0x0000000080f00000, 0x0000000081000000, 0x0000000081000000|100%| O|  |TAMS 0x0000000081000000| PB 0x0000000080f00000| Updating 
|  16|0x0000000081000000, 0x0000000081100000, 0x0000000081100000|100%| O|  |TAMS 0x0000000081100000| PB 0x0000000081000000| Untracked 
|  17|0x0000000081100000, 0x0000000081200000, 0x0000000081200000|100%| O|  |TAMS 0x0000000081200000| PB 0x0000000081100000| Untracked 
|  18|0x0000000081200000, 0x0000000081300000, 0x0000000081300000|100%| O|  |TAMS 0x0000000081300000| PB 0x0000000081200000| Updating 
|  19|0x0000000081300000, 0x0000000081400000, 0x0000000081400000|100%| O|  |TAMS 0x0000000081400000| PB 0x0000000081300000| Untracked 
|  20|0x0000000081400000, 0x0000000081500000, 0x0000000081500000|100%| O|  |TAMS 0x0000000081500000| PB 0x0000000081400000| Updating 
|  21|0x0000000081500000, 0x0000000081600000, 0x0000000081600000|100%| O|  |TAMS 0x0000000081600000| PB 0x0000000081500000| Updating 
|  22|0x0000000081600000, 0x0000000081700000, 0x0000000081700000|100%| O|  |TAMS 0x0000000081700000| PB 0x0000000081600000| Updating 
|  23|0x0000000081700000, 0x0000000081800000, 0x0000000081800000|100%| O|  |TAMS 0x0000000081800000| PB 0x0000000081700000| Updating 
|  24|0x0000000081800000, 0x0000000081900000, 0x0000000081900000|100%| O|  |TAMS 0x0000000081900000| PB 0x0000000081800000| Updating 
|  25|0x0000000081900000, 0x0000000081a00000, 0x0000000081a00000|100%| O|  |TAMS 0x0000000081a00000| PB 0x0000000081900000| Updating 
|  26|0x0000000081a00000, 0x0000000081b00000, 0x0000000081b00000|100%|HS|  |TAMS 0x0000000081b00000| PB 0x0000000081a00000| Complete 
|  27|0x0000000081b00000, 0x0000000081c00000, 0x0000000081c00000|100%|HC|  |TAMS 0x0000000081c00000| PB 0x0000000081b00000| Complete 
|  28|0x0000000081c00000, 0x0000000081d00000, 0x0000000081d00000|100%| O|  |TAMS 0x0000000081d00000| PB 0x0000000081c00000| Updating 
|  29|0x0000000081d00000, 0x0000000081e00000, 0x0000000081e00000|100%|HS|  |TAMS 0x0000000081e00000| PB 0x0000000081d00000| Complete 
|  30|0x0000000081e00000, 0x0000000081f00000, 0x0000000081f00000|100%|HC|  |TAMS 0x0000000081f00000| PB 0x0000000081e00000| Complete 
|  31|0x0000000081f00000, 0x0000000082000000, 0x0000000082000000|100%|HC|  |TAMS 0x0000000082000000| PB 0x0000000081f00000| Complete 
|  32|0x0000000082000000, 0x0000000082100000, 0x0000000082100000|100%|HS|  |TAMS 0x0000000082100000| PB 0x0000000082000000| Complete 
|  33|0x0000000082100000, 0x0000000082200000, 0x0000000082200000|100%| O|  |TAMS 0x0000000082200000| PB 0x0000000082100000| Updating 
|  34|0x0000000082200000, 0x0000000082300000, 0x0000000082300000|100%|HS|  |TAMS 0x0000000082300000| PB 0x0000000082200000| Complete 
|  35|0x0000000082300000, 0x0000000082400000, 0x0000000082400000|100%|HC|  |TAMS 0x0000000082400000| PB 0x0000000082300000| Complete 
|  36|0x0000000082400000, 0x0000000082500000, 0x0000000082500000|100%|HC|  |TAMS 0x0000000082500000| PB 0x0000000082400000| Complete 
|  37|0x0000000082500000, 0x0000000082600000, 0x0000000082600000|100%|HC|  |TAMS 0x0000000082600000| PB 0x0000000082500000| Complete 
|  38|0x0000000082600000, 0x0000000082700000, 0x0000000082700000|100%|HC|  |TAMS 0x0000000082700000| PB 0x0000000082600000| Complete 
|  39|0x0000000082700000, 0x0000000082800000, 0x0000000082800000|100%|HC|  |TAMS 0x0000000082800000| PB 0x0000000082700000| Complete 
|  40|0x0000000082800000, 0x0000000082900000, 0x0000000082900000|100%| O|  |TAMS 0x0000000082900000| PB 0x0000000082800000| Updating 
|  41|0x0000000082900000, 0x0000000082a00000, 0x0000000082a00000|100%| O|  |TAMS 0x0000000082a00000| PB 0x0000000082900000| Updating 
|  42|0x0000000082a00000, 0x0000000082b00000, 0x0000000082b00000|100%| O|  |TAMS 0x0000000082b00000| PB 0x0000000082a00000| Untracked 
|  43|0x0000000082b00000, 0x0000000082c00000, 0x0000000082c00000|100%| O|  |TAMS 0x0000000082c00000| PB 0x0000000082b00000| Updating 
|  44|0x0000000082c00000, 0x0000000082d00000, 0x0000000082d00000|100%| O|  |TAMS 0x0000000082d00000| PB 0x0000000082c00000| Updating 
|  45|0x0000000082d00000, 0x0000000082e00000, 0x0000000082e00000|100%| O|  |TAMS 0x0000000082e00000| PB 0x0000000082d00000| Updating 
|  46|0x0000000082e00000, 0x0000000082f00000, 0x0000000082f00000|100%| O|  |TAMS 0x0000000082f00000| PB 0x0000000082e00000| Updating 
|  47|0x0000000082f00000, 0x0000000083000000, 0x0000000083000000|100%| O|  |TAMS 0x0000000083000000| PB 0x0000000082f00000| Updating 
|  48|0x0000000083000000, 0x0000000083100000, 0x0000000083100000|100%| O|  |TAMS 0x0000000083100000| PB 0x0000000083100000| Updating 
|  49|0x0000000083100000, 0x0000000083200000, 0x0000000083200000|100%|HS|  |TAMS 0x0000000083200000| PB 0x0000000083100000| Complete 
|  50|0x0000000083200000, 0x0000000083300000, 0x0000000083300000|100%|HC|  |TAMS 0x0000000083300000| PB 0x0000000083200000| Complete 
|  51|0x0000000083300000, 0x0000000083400000, 0x0000000083400000|100%| O|  |TAMS 0x0000000083400000| PB 0x0000000083300000| Untracked 
|  52|0x0000000083400000, 0x0000000083500000, 0x0000000083500000|100%| O|  |TAMS 0x0000000083500000| PB 0x0000000083500000| Untracked 
|  53|0x0000000083500000, 0x0000000083600000, 0x0000000083600000|100%|HS|  |TAMS 0x0000000083600000| PB 0x0000000083500000| Complete 
|  54|0x0000000083600000, 0x0000000083700000, 0x0000000083700000|100%|HC|  |TAMS 0x0000000083700000| PB 0x0000000083600000| Complete 
|  55|0x0000000083700000, 0x0000000083800000, 0x0000000083800000|100%|HC|  |TAMS 0x0000000083800000| PB 0x0000000083700000| Complete 
|  56|0x0000000083800000, 0x0000000083900000, 0x0000000083900000|100%|HC|  |TAMS 0x0000000083900000| PB 0x0000000083800000| Complete 
|  57|0x0000000083900000, 0x0000000083a00000, 0x0000000083a00000|100%|HC|  |TAMS 0x0000000083a00000| PB 0x0000000083900000| Complete 
|  58|0x0000000083a00000, 0x0000000083b00000, 0x0000000083b00000|100%|HC|  |TAMS 0x0000000083b00000| PB 0x0000000083a00000| Complete 
|  59|0x0000000083b00000, 0x0000000083c00000, 0x0000000083c00000|100%|HS|  |TAMS 0x0000000083c00000| PB 0x0000000083b00000| Complete 
|  60|0x0000000083c00000, 0x0000000083d00000, 0x0000000083d00000|100%|HC|  |TAMS 0x0000000083d00000| PB 0x0000000083c00000| Complete 
|  61|0x0000000083d00000, 0x0000000083e00000, 0x0000000083e00000|100%|HC|  |TAMS 0x0000000083e00000| PB 0x0000000083d00000| Complete 
|  62|0x0000000083e00000, 0x0000000083f00000, 0x0000000083f00000|100%|HC|  |TAMS 0x0000000083f00000| PB 0x0000000083e00000| Complete 
|  63|0x0000000083f00000, 0x0000000084000000, 0x0000000084000000|100%|HC|  |TAMS 0x0000000084000000| PB 0x0000000083f00000| Complete 
|  64|0x0000000084000000, 0x0000000084100000, 0x0000000084100000|100%|HC|  |TAMS 0x0000000084100000| PB 0x0000000084000000| Complete 
|  65|0x0000000084100000, 0x0000000084200000, 0x0000000084200000|100%| O|  |TAMS 0x0000000084200000| PB 0x0000000084200000| Updating 
|  66|0x0000000084200000, 0x0000000084300000, 0x0000000084300000|100%| O|  |TAMS 0x0000000084300000| PB 0x0000000084300000| Updating 
|  67|0x0000000084300000, 0x0000000084400000, 0x0000000084400000|100%| O|  |TAMS 0x0000000084400000| PB 0x0000000084400000| Updating 
|  68|0x0000000084400000, 0x0000000084500000, 0x0000000084500000|100%| O|  |TAMS 0x0000000084500000| PB 0x0000000084500000| Updating 
|  69|0x0000000084500000, 0x0000000084600000, 0x0000000084600000|100%| O|  |TAMS 0x0000000084600000| PB 0x0000000084600000| Updating 
|  70|0x0000000084600000, 0x0000000084700000, 0x0000000084700000|100%| O|  |TAMS 0x0000000084600000| PB 0x0000000084600000| Untracked 
|  71|0x0000000084700000, 0x0000000084800000, 0x0000000084800000|100%| O|  |TAMS 0x0000000084800000| PB 0x0000000084800000| Updating 
|  72|0x0000000084800000, 0x0000000084900000, 0x0000000084900000|100%| O|  |TAMS 0x0000000084900000| PB 0x0000000084900000| Updating 
|  73|0x0000000084900000, 0x0000000084a00000, 0x0000000084a00000|100%|HS|  |TAMS 0x0000000084a00000| PB 0x0000000084900000| Complete 
|  74|0x0000000084a00000, 0x0000000084b00000, 0x0000000084b00000|100%| O|  |TAMS 0x0000000084b00000| PB 0x0000000084b00000| Updating 
|  75|0x0000000084b00000, 0x0000000084c00000, 0x0000000084c00000|100%| O|  |TAMS 0x0000000084c00000| PB 0x0000000084c00000| Updating 
|  76|0x0000000084c00000, 0x0000000084d00000, 0x0000000084d00000|100%| O|  |TAMS 0x0000000084d00000| PB 0x0000000084d00000| Updating 
|  77|0x0000000084d00000, 0x0000000084e00000, 0x0000000084e00000|100%| O|  |TAMS 0x0000000084e00000| PB 0x0000000084e00000| Updating 
|  78|0x0000000084e00000, 0x0000000084f00000, 0x0000000084f00000|100%| O|  |TAMS 0x0000000084f00000| PB 0x0000000084f00000| Updating 
|  79|0x0000000084f00000, 0x0000000085000000, 0x0000000085000000|100%| O|  |TAMS 0x0000000085000000| PB 0x0000000085000000| Untracked 
|  80|0x0000000085000000, 0x0000000085100000, 0x0000000085100000|100%| O|  |TAMS 0x0000000085100000| PB 0x0000000085100000| Updating 
|  81|0x0000000085100000, 0x0000000085200000, 0x0000000085200000|100%| O|  |TAMS 0x0000000085200000| PB 0x0000000085200000| Updating 
|  82|0x0000000085200000, 0x0000000085300000, 0x0000000085300000|100%| O|  |TAMS 0x0000000085300000| PB 0x0000000085300000| Untracked 
|  83|0x0000000085300000, 0x0000000085400000, 0x0000000085400000|100%| O|  |TAMS 0x0000000085400000| PB 0x0000000085400000| Updating 
|  84|0x0000000085400000, 0x0000000085500000, 0x0000000085500000|100%| O|  |TAMS 0x0000000085500000| PB 0x0000000085500000| Updating 
|  85|0x0000000085500000, 0x0000000085600000, 0x0000000085600000|100%| O|  |TAMS 0x0000000085500000| PB 0x0000000085500000| Untracked 
|  86|0x0000000085600000, 0x0000000085700000, 0x0000000085700000|100%| O|  |TAMS 0x0000000085700000| PB 0x0000000085700000| Updating 
|  87|0x0000000085700000, 0x0000000085800000, 0x0000000085800000|100%| O|  |TAMS 0x0000000085800000| PB 0x0000000085800000| Updating 
|  88|0x0000000085800000, 0x0000000085900000, 0x0000000085900000|100%| O|  |TAMS 0x0000000085900000| PB 0x0000000085900000| Updating 
|  89|0x0000000085900000, 0x0000000085a00000, 0x0000000085a00000|100%| O|  |TAMS 0x0000000085a00000| PB 0x0000000085a00000| Untracked 
|  90|0x0000000085a00000, 0x0000000085b00000, 0x0000000085b00000|100%| O|  |TAMS 0x0000000085b00000| PB 0x0000000085b00000| Untracked 
|  91|0x0000000085b00000, 0x0000000085c00000, 0x0000000085c00000|100%| O|  |TAMS 0x0000000085c00000| PB 0x0000000085c00000| Untracked 
|  92|0x0000000085c00000, 0x0000000085d00000, 0x0000000085d00000|100%| O|  |TAMS 0x0000000085d00000| PB 0x0000000085d00000| Updating 
|  93|0x0000000085d00000, 0x0000000085e00000, 0x0000000085e00000|100%| O|  |TAMS 0x0000000085e00000| PB 0x0000000085e00000| Untracked 
|  94|0x0000000085e00000, 0x0000000085f00000, 0x0000000085f00000|100%| O|  |TAMS 0x0000000085f00000| PB 0x0000000085f00000| Updating 
|  95|0x0000000085f00000, 0x0000000086000000, 0x0000000086000000|100%| O|  |TAMS 0x0000000086000000| PB 0x0000000086000000| Updating 
|  96|0x0000000086000000, 0x0000000086100000, 0x0000000086100000|100%| O|  |TAMS 0x0000000086100000| PB 0x0000000086100000| Updating 
|  97|0x0000000086100000, 0x0000000086200000, 0x0000000086200000|100%| O|  |TAMS 0x0000000086200000| PB 0x0000000086200000| Updating 
|  98|0x0000000086200000, 0x0000000086300000, 0x0000000086300000|100%| O|  |TAMS 0x0000000086300000| PB 0x0000000086300000| Updating 
|  99|0x0000000086300000, 0x0000000086400000, 0x0000000086400000|100%| O|  |TAMS 0x0000000086400000| PB 0x0000000086400000| Updating 
| 100|0x0000000086400000, 0x0000000086500000, 0x0000000086500000|100%| O|  |TAMS 0x0000000086500000| PB 0x0000000086500000| Untracked 
| 101|0x0000000086500000, 0x0000000086600000, 0x0000000086600000|100%| O|  |TAMS 0x0000000086600000| PB 0x0000000086600000| Updating 
| 102|0x0000000086600000, 0x0000000086700000, 0x0000000086700000|100%| O|  |TAMS 0x0000000086700000| PB 0x0000000086700000| Updating 
| 103|0x0000000086700000, 0x0000000086800000, 0x0000000086800000|100%| O|  |TAMS 0x0000000086800000| PB 0x0000000086800000| Updating 
| 104|0x0000000086800000, 0x0000000086900000, 0x0000000086900000|100%| O|  |TAMS 0x0000000086900000| PB 0x0000000086900000| Updating 
| 105|0x0000000086900000, 0x0000000086a00000, 0x0000000086a00000|100%| O|  |TAMS 0x0000000086a00000| PB 0x0000000086a00000| Updating 
| 106|0x0000000086a00000, 0x0000000086b00000, 0x0000000086b00000|100%| O|  |TAMS 0x0000000086b00000| PB 0x0000000086b00000| Untracked 
| 107|0x0000000086b00000, 0x0000000086c00000, 0x0000000086c00000|100%| O|  |TAMS 0x0000000086c00000| PB 0x0000000086c00000| Updating 
| 108|0x0000000086c00000, 0x0000000086d00000, 0x0000000086d00000|100%| O|  |TAMS 0x0000000086d00000| PB 0x0000000086d00000| Updating 
| 109|0x0000000086d00000, 0x0000000086e00000, 0x0000000086e00000|100%| O|  |TAMS 0x0000000086e00000| PB 0x0000000086e00000| Updating 
| 110|0x0000000086e00000, 0x0000000086f00000, 0x0000000086f00000|100%| O|  |TAMS 0x0000000086f00000| PB 0x0000000086f00000| Updating 
| 111|0x0000000086f00000, 0x0000000087000000, 0x0000000087000000|100%| O|  |TAMS 0x0000000087000000| PB 0x0000000087000000| Updating 
| 112|0x0000000087000000, 0x0000000087100000, 0x0000000087100000|100%| O|  |TAMS 0x0000000087100000| PB 0x0000000087100000| Updating 
| 113|0x0000000087100000, 0x0000000087200000, 0x0000000087200000|100%| O|  |TAMS 0x0000000087200000| PB 0x0000000087200000| Updating 
| 114|0x0000000087200000, 0x0000000087300000, 0x0000000087300000|100%| O|  |TAMS 0x0000000087300000| PB 0x0000000087300000| Updating 
| 115|0x0000000087300000, 0x0000000087400000, 0x0000000087400000|100%| O|  |TAMS 0x0000000087400000| PB 0x0000000087400000| Untracked 
| 116|0x0000000087400000, 0x0000000087500000, 0x0000000087500000|100%| O|  |TAMS 0x0000000087500000| PB 0x0000000087500000| Updating 
| 117|0x0000000087500000, 0x0000000087600000, 0x0000000087600000|100%| O|  |TAMS 0x0000000087600000| PB 0x0000000087600000| Updating 
| 118|0x0000000087600000, 0x0000000087700000, 0x0000000087700000|100%| O|  |TAMS 0x0000000087700000| PB 0x0000000087700000| Updating 
| 119|0x0000000087700000, 0x0000000087800000, 0x0000000087800000|100%| O|  |TAMS 0x0000000087800000| PB 0x0000000087800000| Updating 
| 120|0x0000000087800000, 0x0000000087900000, 0x0000000087900000|100%| O|  |TAMS 0x0000000087900000| PB 0x0000000087900000| Updating 
| 121|0x0000000087900000, 0x0000000087a00000, 0x0000000087a00000|100%| O|  |TAMS 0x0000000087a00000| PB 0x0000000087a00000| Updating 
| 122|0x0000000087a00000, 0x0000000087b00000, 0x0000000087b00000|100%| O|  |TAMS 0x0000000087b00000| PB 0x0000000087b00000| Untracked 
| 123|0x0000000087b00000, 0x0000000087c00000, 0x0000000087c00000|100%| O|  |TAMS 0x0000000087c00000| PB 0x0000000087c00000| Updating 
| 124|0x0000000087c00000, 0x0000000087d00000, 0x0000000087d00000|100%|HS|  |TAMS 0x0000000087d00000| PB 0x0000000087c00000| Complete 
| 125|0x0000000087d00000, 0x0000000087e00000, 0x0000000087e00000|100%|HS|  |TAMS 0x0000000087e00000| PB 0x0000000087d00000| Complete 
| 126|0x0000000087e00000, 0x0000000087f00000, 0x0000000087f00000|100%| O|  |TAMS 0x0000000087f00000| PB 0x0000000087f00000| Updating 
| 127|0x0000000087f00000, 0x0000000088000000, 0x0000000088000000|100%|HS|  |TAMS 0x0000000088000000| PB 0x0000000087f00000| Complete 
| 128|0x0000000088000000, 0x0000000088100000, 0x0000000088100000|100%| O|  |TAMS 0x0000000088100000| PB 0x0000000088100000| Updating 
| 129|0x0000000088100000, 0x0000000088200000, 0x0000000088200000|100%|HS|  |TAMS 0x0000000088200000| PB 0x0000000088100000| Complete 
| 130|0x0000000088200000, 0x0000000088300000, 0x0000000088300000|100%|HS|  |TAMS 0x0000000088300000| PB 0x0000000088200000| Complete 
| 131|0x0000000088300000, 0x0000000088400000, 0x0000000088400000|100%| O|  |TAMS 0x0000000088400000| PB 0x0000000088400000| Untracked 
| 132|0x0000000088400000, 0x0000000088500000, 0x0000000088500000|100%|HS|  |TAMS 0x0000000088500000| PB 0x0000000088400000| Complete 
| 133|0x0000000088500000, 0x0000000088600000, 0x0000000088600000|100%| O|  |TAMS 0x0000000088600000| PB 0x0000000088600000| Untracked 
| 134|0x0000000088600000, 0x0000000088700000, 0x0000000088700000|100%| O|  |TAMS 0x0000000088700000| PB 0x0000000088700000| Untracked 
| 135|0x0000000088700000, 0x0000000088800000, 0x0000000088800000|100%| O|  |TAMS 0x0000000088800000| PB 0x0000000088800000| Updating 
| 136|0x0000000088800000, 0x0000000088900000, 0x0000000088900000|100%| O|  |TAMS 0x0000000088900000| PB 0x0000000088900000| Untracked 
| 137|0x0000000088900000, 0x0000000088a00000, 0x0000000088a00000|100%| O|  |TAMS 0x0000000088a00000| PB 0x0000000088a00000| Updating 
| 138|0x0000000088a00000, 0x0000000088b00000, 0x0000000088b00000|100%| O|  |TAMS 0x0000000088b00000| PB 0x0000000088b00000| Updating 
| 139|0x0000000088b00000, 0x0000000088c00000, 0x0000000088c00000|100%| O|  |TAMS 0x0000000088c00000| PB 0x0000000088c00000| Updating 
| 140|0x0000000088c00000, 0x0000000088d00000, 0x0000000088d00000|100%| O|  |TAMS 0x0000000088d00000| PB 0x0000000088d00000| Untracked 
| 141|0x0000000088d00000, 0x0000000088e00000, 0x0000000088e00000|100%| O|  |TAMS 0x0000000088e00000| PB 0x0000000088e00000| Updating 
| 142|0x0000000088e00000, 0x0000000088f00000, 0x0000000088f00000|100%| O|  |TAMS 0x0000000088f00000| PB 0x0000000088f00000| Untracked 
| 143|0x0000000088f00000, 0x0000000089000000, 0x0000000089000000|100%| O|  |TAMS 0x0000000089000000| PB 0x0000000089000000| Untracked 
| 144|0x0000000089000000, 0x0000000089100000, 0x0000000089100000|100%| O|  |TAMS 0x0000000089100000| PB 0x0000000089100000| Updating 
| 145|0x0000000089100000, 0x0000000089200000, 0x0000000089200000|100%| O|  |TAMS 0x0000000089200000| PB 0x0000000089200000| Untracked 
| 146|0x0000000089200000, 0x0000000089300000, 0x0000000089300000|100%| O|  |TAMS 0x0000000089300000| PB 0x0000000089300000| Untracked 
| 147|0x0000000089300000, 0x0000000089400000, 0x0000000089400000|100%|HS|  |TAMS 0x0000000089400000| PB 0x0000000089300000| Complete 
| 148|0x0000000089400000, 0x0000000089500000, 0x0000000089500000|100%| O|  |TAMS 0x0000000089500000| PB 0x0000000089500000| Untracked 
| 149|0x0000000089500000, 0x0000000089600000, 0x0000000089600000|100%| O|  |TAMS 0x0000000089600000| PB 0x0000000089600000| Updating 
| 150|0x0000000089600000, 0x0000000089700000, 0x0000000089700000|100%| O|  |TAMS 0x0000000089700000| PB 0x0000000089700000| Updating 
| 151|0x0000000089700000, 0x0000000089800000, 0x0000000089800000|100%| O|  |TAMS 0x0000000089800000| PB 0x0000000089800000| Untracked 
| 152|0x0000000089800000, 0x0000000089900000, 0x0000000089900000|100%| O|  |TAMS 0x0000000089900000| PB 0x0000000089900000| Untracked 
| 153|0x0000000089900000, 0x0000000089a00000, 0x0000000089a00000|100%| O|  |TAMS 0x0000000089a00000| PB 0x0000000089a00000| Updating 
| 154|0x0000000089a00000, 0x0000000089b00000, 0x0000000089b00000|100%| O|  |TAMS 0x0000000089b00000| PB 0x0000000089b00000| Updating 
| 155|0x0000000089b00000, 0x0000000089c00000, 0x0000000089c00000|100%| O|  |TAMS 0x0000000089c00000| PB 0x0000000089c00000| Untracked 
| 156|0x0000000089c00000, 0x0000000089d00000, 0x0000000089d00000|100%| O|  |TAMS 0x0000000089d00000| PB 0x0000000089d00000| Updating 
| 157|0x0000000089d00000, 0x0000000089e00000, 0x0000000089e00000|100%| O|  |TAMS 0x0000000089e00000| PB 0x0000000089e00000| Untracked 
| 158|0x0000000089e00000, 0x0000000089f00000, 0x0000000089f00000|100%| O|  |TAMS 0x0000000089f00000| PB 0x0000000089f00000| Untracked 
| 159|0x0000000089f00000, 0x000000008a000000, 0x000000008a000000|100%| O|  |TAMS 0x000000008a000000| PB 0x000000008a000000| Untracked 
| 160|0x000000008a000000, 0x000000008a100000, 0x000000008a100000|100%| O|  |TAMS 0x000000008a100000| PB 0x000000008a100000| Updating 
| 161|0x000000008a100000, 0x000000008a200000, 0x000000008a200000|100%| O|  |TAMS 0x000000008a200000| PB 0x000000008a200000| Updating 
| 162|0x000000008a200000, 0x000000008a300000, 0x000000008a300000|100%| O|  |TAMS 0x000000008a300000| PB 0x000000008a300000| Updating 
| 163|0x000000008a300000, 0x000000008a400000, 0x000000008a400000|100%| O|  |TAMS 0x000000008a400000| PB 0x000000008a400000| Untracked 
| 164|0x000000008a400000, 0x000000008a500000, 0x000000008a500000|100%|HS|  |TAMS 0x000000008a500000| PB 0x000000008a400000| Complete 
| 165|0x000000008a500000, 0x000000008a600000, 0x000000008a600000|100%|HC|  |TAMS 0x000000008a600000| PB 0x000000008a500000| Complete 
| 166|0x000000008a600000, 0x000000008a700000, 0x000000008a700000|100%|HS|  |TAMS 0x000000008a700000| PB 0x000000008a600000| Complete 
| 167|0x000000008a700000, 0x000000008a800000, 0x000000008a800000|100%|HC|  |TAMS 0x000000008a800000| PB 0x000000008a700000| Complete 
| 168|0x000000008a800000, 0x000000008a900000, 0x000000008a900000|100%|HC|  |TAMS 0x000000008a900000| PB 0x000000008a800000| Complete 
| 169|0x000000008a900000, 0x000000008aa00000, 0x000000008aa00000|100%|HC|  |TAMS 0x000000008aa00000| PB 0x000000008a900000| Complete 
| 170|0x000000008aa00000, 0x000000008ab00000, 0x000000008ab00000|100%|HC|  |TAMS 0x000000008ab00000| PB 0x000000008aa00000| Complete 
| 171|0x000000008ab00000, 0x000000008ac00000, 0x000000008ac00000|100%|HC|  |TAMS 0x000000008ac00000| PB 0x000000008ab00000| Complete 
| 172|0x000000008ac00000, 0x000000008ad00000, 0x000000008ad00000|100%|HS|  |TAMS 0x000000008ad00000| PB 0x000000008ac00000| Complete 
| 173|0x000000008ad00000, 0x000000008ae00000, 0x000000008ae00000|100%|HC|  |TAMS 0x000000008ae00000| PB 0x000000008ad00000| Complete 
| 174|0x000000008ae00000, 0x000000008af00000, 0x000000008af00000|100%|HC|  |TAMS 0x000000008af00000| PB 0x000000008ae00000| Complete 
| 175|0x000000008af00000, 0x000000008b000000, 0x000000008b000000|100%|HS|  |TAMS 0x000000008b000000| PB 0x000000008af00000| Complete 
| 176|0x000000008b000000, 0x000000008b100000, 0x000000008b100000|100%|HC|  |TAMS 0x000000008b100000| PB 0x000000008b000000| Complete 
| 177|0x000000008b100000, 0x000000008b200000, 0x000000008b200000|100%| O|  |TAMS 0x000000008b200000| PB 0x000000008b200000| Untracked 
| 178|0x000000008b200000, 0x000000008b300000, 0x000000008b300000|100%| O|  |TAMS 0x000000008b300000| PB 0x000000008b300000| Untracked 
| 179|0x000000008b300000, 0x000000008b400000, 0x000000008b400000|100%| O|  |TAMS 0x000000008b400000| PB 0x000000008b400000| Updating 
| 180|0x000000008b400000, 0x000000008b500000, 0x000000008b500000|100%| O|  |TAMS 0x000000008b500000| PB 0x000000008b500000| Updating 
| 181|0x000000008b500000, 0x000000008b600000, 0x000000008b600000|100%| O|  |TAMS 0x000000008b600000| PB 0x000000008b600000| Updating 
| 182|0x000000008b600000, 0x000000008b700000, 0x000000008b700000|100%| O|  |TAMS 0x000000008b623ea0| PB 0x000000008b623ea0| Untracked 
| 183|0x000000008b700000, 0x000000008b800000, 0x000000008b800000|100%| O|  |TAMS 0x000000008b800000| PB 0x000000008b800000| Updating 
| 184|0x000000008b800000, 0x000000008b900000, 0x000000008b900000|100%| O|  |TAMS 0x000000008b800000| PB 0x000000008b800000| Untracked 
| 185|0x000000008b900000, 0x000000008ba00000, 0x000000008ba00000|100%| O|  |TAMS 0x000000008ba00000| PB 0x000000008ba00000| Updating 
| 186|0x000000008ba00000, 0x000000008bb00000, 0x000000008bb00000|100%| O|  |TAMS 0x000000008bb00000| PB 0x000000008bb00000| Updating 
| 187|0x000000008bb00000, 0x000000008bc00000, 0x000000008bc00000|100%| O|  |TAMS 0x000000008bc00000| PB 0x000000008bc00000| Untracked 
| 188|0x000000008bc00000, 0x000000008bd00000, 0x000000008bd00000|100%| O|  |TAMS 0x000000008bd00000| PB 0x000000008bd00000| Updating 
| 189|0x000000008bd00000, 0x000000008be00000, 0x000000008be00000|100%| O|  |TAMS 0x000000008be00000| PB 0x000000008be00000| Updating 
| 190|0x000000008be00000, 0x000000008bf00000, 0x000000008bf00000|100%| O|  |TAMS 0x000000008bf00000| PB 0x000000008bf00000| Updating 
| 191|0x000000008bf00000, 0x000000008c000000, 0x000000008c000000|100%| O|  |TAMS 0x000000008bf00000| PB 0x000000008bf00000| Untracked 
| 192|0x000000008c000000, 0x000000008c100000, 0x000000008c100000|100%| O|  |TAMS 0x000000008c100000| PB 0x000000008c100000| Updating 
| 193|0x000000008c100000, 0x000000008c200000, 0x000000008c200000|100%| O|  |TAMS 0x000000008c200000| PB 0x000000008c200000| Updating 
| 194|0x000000008c200000, 0x000000008c300000, 0x000000008c300000|100%| O|  |TAMS 0x000000008c300000| PB 0x000000008c300000| Updating 
| 195|0x000000008c300000, 0x000000008c400000, 0x000000008c400000|100%| O|  |TAMS 0x000000008c400000| PB 0x000000008c400000| Updating 
| 196|0x000000008c400000, 0x000000008c500000, 0x000000008c500000|100%| O|  |TAMS 0x000000008c400000| PB 0x000000008c400000| Untracked 
| 197|0x000000008c500000, 0x000000008c600000, 0x000000008c600000|100%| O|  |TAMS 0x000000008c600000| PB 0x000000008c600000| Updating 
| 198|0x000000008c600000, 0x000000008c700000, 0x000000008c700000|100%| O|  |TAMS 0x000000008c700000| PB 0x000000008c700000| Untracked 
| 199|0x000000008c700000, 0x000000008c800000, 0x000000008c800000|100%| O|  |TAMS 0x000000008c800000| PB 0x000000008c800000| Untracked 
| 200|0x000000008c800000, 0x000000008c900000, 0x000000008c900000|100%| O|  |TAMS 0x000000008c900000| PB 0x000000008c900000| Untracked 
| 201|0x000000008c900000, 0x000000008ca00000, 0x000000008ca00000|100%| O|  |TAMS 0x000000008ca00000| PB 0x000000008ca00000| Updating 
| 202|0x000000008ca00000, 0x000000008cb00000, 0x000000008cb00000|100%| O|  |TAMS 0x000000008cb00000| PB 0x000000008cb00000| Updating 
| 203|0x000000008cb00000, 0x000000008cc00000, 0x000000008cc00000|100%| O|  |TAMS 0x000000008cc00000| PB 0x000000008cc00000| Updating 
| 204|0x000000008cc00000, 0x000000008cd00000, 0x000000008cd00000|100%| O|  |TAMS 0x000000008cd00000| PB 0x000000008cd00000| Updating 
| 205|0x000000008cd00000, 0x000000008ce00000, 0x000000008ce00000|100%| O|  |TAMS 0x000000008ce00000| PB 0x000000008ce00000| Updating 
| 206|0x000000008ce00000, 0x000000008cf00000, 0x000000008cf00000|100%| O|  |TAMS 0x000000008cf00000| PB 0x000000008cf00000| Updating 
| 207|0x000000008cf00000, 0x000000008d000000, 0x000000008d000000|100%| O|  |TAMS 0x000000008d000000| PB 0x000000008d000000| Updating 
| 208|0x000000008d000000, 0x000000008d100000, 0x000000008d100000|100%| O|  |TAMS 0x000000008d100000| PB 0x000000008d100000| Updating 
| 209|0x000000008d100000, 0x000000008d200000, 0x000000008d200000|100%| O|  |TAMS 0x000000008d200000| PB 0x000000008d200000| Updating 
| 210|0x000000008d200000, 0x000000008d300000, 0x000000008d300000|100%| O|  |TAMS 0x000000008d300000| PB 0x000000008d300000| Updating 
| 211|0x000000008d300000, 0x000000008d400000, 0x000000008d400000|100%| O|  |TAMS 0x000000008d400000| PB 0x000000008d400000| Updating 
| 212|0x000000008d400000, 0x000000008d500000, 0x000000008d500000|100%| O|  |TAMS 0x000000008d400000| PB 0x000000008d400000| Untracked 
| 213|0x000000008d500000, 0x000000008d600000, 0x000000008d600000|100%| O|  |TAMS 0x000000008d500000| PB 0x000000008d500000| Untracked 
| 214|0x000000008d600000, 0x000000008d700000, 0x000000008d700000|100%| O|  |TAMS 0x000000008d700000| PB 0x000000008d700000| Updating 
| 215|0x000000008d700000, 0x000000008d800000, 0x000000008d800000|100%| O|  |TAMS 0x000000008d800000| PB 0x000000008d800000| Updating 
| 216|0x000000008d800000, 0x000000008d900000, 0x000000008d900000|100%| O|  |TAMS 0x000000008d800000| PB 0x000000008d800000| Untracked 
| 217|0x000000008d900000, 0x000000008da00000, 0x000000008da00000|100%| O|  |TAMS 0x000000008d900000| PB 0x000000008d900000| Untracked 
| 218|0x000000008da00000, 0x000000008db00000, 0x000000008db00000|100%| O|  |TAMS 0x000000008db00000| PB 0x000000008db00000| Updating 
| 219|0x000000008db00000, 0x000000008db2ce90, 0x000000008dc00000| 17%| O|  |TAMS 0x000000008db00000| PB 0x000000008db00000| Untracked 
| 220|0x000000008dc00000, 0x000000008dc00000, 0x000000008dd00000|  0%| F|  |TAMS 0x000000008dc00000| PB 0x000000008dc00000| Untracked 
| 221|0x000000008dd00000, 0x000000008de00000, 0x000000008de00000|100%| O|  |TAMS 0x000000008de00000| PB 0x000000008de00000| Updating 
| 222|0x000000008de00000, 0x000000008df00000, 0x000000008df00000|100%| O|  |TAMS 0x000000008df00000| PB 0x000000008df00000| Updating 
| 223|0x000000008df00000, 0x000000008df00000, 0x000000008e000000|  0%| F|  |TAMS 0x000000008df00000| PB 0x000000008df00000| Untracked 
| 224|0x000000008e000000, 0x000000008e000000, 0x000000008e100000|  0%| F|  |TAMS 0x000000008e000000| PB 0x000000008e000000| Untracked 
| 225|0x000000008e100000, 0x000000008e200000, 0x000000008e200000|100%| O|  |TAMS 0x000000008e200000| PB 0x000000008e200000| Updating 
| 226|0x000000008e200000, 0x000000008e300000, 0x000000008e300000|100%| O|  |TAMS 0x000000008e300000| PB 0x000000008e300000| Updating 
| 227|0x000000008e300000, 0x000000008e400000, 0x000000008e400000|100%| O|  |TAMS 0x000000008e400000| PB 0x000000008e400000| Updating 
| 228|0x000000008e400000, 0x000000008e500000, 0x000000008e500000|100%| O|  |TAMS 0x000000008e500000| PB 0x000000008e500000| Updating 
| 229|0x000000008e500000, 0x000000008e500000, 0x000000008e600000|  0%| F|  |TAMS 0x000000008e500000| PB 0x000000008e500000| Untracked 
| 230|0x000000008e600000, 0x000000008e600000, 0x000000008e700000|  0%| F|  |TAMS 0x000000008e600000| PB 0x000000008e600000| Untracked 
| 231|0x000000008e700000, 0x000000008e700000, 0x000000008e800000|  0%| F|  |TAMS 0x000000008e700000| PB 0x000000008e700000| Untracked 
| 232|0x000000008e800000, 0x000000008e800000, 0x000000008e900000|  0%| F|  |TAMS 0x000000008e800000| PB 0x000000008e800000| Untracked 
| 233|0x000000008e900000, 0x000000008e900000, 0x000000008ea00000|  0%| F|  |TAMS 0x000000008e900000| PB 0x000000008e900000| Untracked 
| 234|0x000000008ea00000, 0x000000008ea00000, 0x000000008eb00000|  0%| F|  |TAMS 0x000000008ea00000| PB 0x000000008ea00000| Untracked 
| 235|0x000000008eb00000, 0x000000008eb00000, 0x000000008ec00000|  0%| F|  |TAMS 0x000000008eb00000| PB 0x000000008eb00000| Untracked 
| 236|0x000000008ec00000, 0x000000008ec00000, 0x000000008ed00000|  0%| F|  |TAMS 0x000000008ec00000| PB 0x000000008ec00000| Untracked 
| 237|0x000000008ed00000, 0x000000008ed00000, 0x000000008ee00000|  0%| F|  |TAMS 0x000000008ed00000| PB 0x000000008ed00000| Untracked 
| 238|0x000000008ee00000, 0x000000008ee00000, 0x000000008ef00000|  0%| F|  |TAMS 0x000000008ee00000| PB 0x000000008ee00000| Untracked 
| 239|0x000000008ef00000, 0x000000008f000000, 0x000000008f000000|100%| O|  |TAMS 0x000000008f000000| PB 0x000000008f000000| Updating 
| 240|0x000000008f000000, 0x000000008f100000, 0x000000008f100000|100%| O|  |TAMS 0x000000008f100000| PB 0x000000008f100000| Updating 
| 241|0x000000008f100000, 0x000000008f200000, 0x000000008f200000|100%| O|  |TAMS 0x000000008f200000| PB 0x000000008f200000| Updating 
| 242|0x000000008f200000, 0x000000008f300000, 0x000000008f300000|100%| O|  |TAMS 0x000000008f300000| PB 0x000000008f300000| Updating 
| 243|0x000000008f300000, 0x000000008f400000, 0x000000008f400000|100%| O|  |TAMS 0x000000008f400000| PB 0x000000008f400000| Updating 
| 244|0x000000008f400000, 0x000000008f400000, 0x000000008f500000|  0%| F|  |TAMS 0x000000008f400000| PB 0x000000008f400000| Untracked 
| 245|0x000000008f500000, 0x000000008f500000, 0x000000008f600000|  0%| F|  |TAMS 0x000000008f500000| PB 0x000000008f500000| Untracked 
| 246|0x000000008f600000, 0x000000008f600000, 0x000000008f700000|  0%| F|  |TAMS 0x000000008f600000| PB 0x000000008f600000| Untracked 
| 247|0x000000008f700000, 0x000000008f800000, 0x000000008f800000|100%| O|  |TAMS 0x000000008f800000| PB 0x000000008f800000| Updating 
| 248|0x000000008f800000, 0x000000008f900000, 0x000000008f900000|100%| O|  |TAMS 0x000000008f900000| PB 0x000000008f900000| Untracked 
| 249|0x000000008f900000, 0x000000008fa00000, 0x000000008fa00000|100%| O|  |TAMS 0x000000008fa00000| PB 0x000000008fa00000| Updating 
| 250|0x000000008fa00000, 0x000000008fb00000, 0x000000008fb00000|100%| O|  |TAMS 0x000000008fb00000| PB 0x000000008fb00000| Untracked 
| 251|0x000000008fb00000, 0x000000008fc00000, 0x000000008fc00000|100%| O|  |TAMS 0x000000008fb00000| PB 0x000000008fb00000| Untracked 
| 252|0x000000008fc00000, 0x000000008fc10870, 0x000000008fd00000|  6%| O|  |TAMS 0x000000008fc00000| PB 0x000000008fc00000| Updating 
| 253|0x000000008fd00000, 0x000000008fe00000, 0x000000008fe00000|100%| O|  |TAMS 0x000000008fe00000| PB 0x000000008fe00000| Updating 
| 254|0x000000008fe00000, 0x000000008ff00000, 0x000000008ff00000|100%| O|  |TAMS 0x000000008ff00000| PB 0x000000008ff00000| Updating 
| 255|0x000000008ff00000, 0x0000000090000000, 0x0000000090000000|100%| O|  |TAMS 0x0000000090000000| PB 0x0000000090000000| Updating 
| 256|0x0000000090000000, 0x0000000090100000, 0x0000000090100000|100%| O|  |TAMS 0x0000000090100000| PB 0x0000000090100000| Updating 
| 257|0x0000000090100000, 0x0000000090200000, 0x0000000090200000|100%| O|  |TAMS 0x0000000090200000| PB 0x0000000090200000| Updating 
| 258|0x0000000090200000, 0x0000000090300000, 0x0000000090300000|100%| O|  |TAMS 0x0000000090300000| PB 0x0000000090300000| Updating 
| 259|0x0000000090300000, 0x0000000090300000, 0x0000000090400000|  0%| F|  |TAMS 0x0000000090300000| PB 0x0000000090300000| Untracked 
| 260|0x0000000090400000, 0x0000000090400000, 0x0000000090500000|  0%| F|  |TAMS 0x0000000090400000| PB 0x0000000090400000| Untracked 
| 261|0x0000000090500000, 0x0000000090500000, 0x0000000090600000|  0%| F|  |TAMS 0x0000000090500000| PB 0x0000000090500000| Untracked 
| 262|0x0000000090600000, 0x0000000090600000, 0x0000000090700000|  0%| F|  |TAMS 0x0000000090600000| PB 0x0000000090600000| Untracked 
| 263|0x0000000090700000, 0x0000000090700000, 0x0000000090800000|  0%| F|  |TAMS 0x0000000090700000| PB 0x0000000090700000| Untracked 
| 264|0x0000000090800000, 0x0000000090800000, 0x0000000090900000|  0%| F|  |TAMS 0x0000000090800000| PB 0x0000000090800000| Untracked 
| 265|0x0000000090900000, 0x0000000090900000, 0x0000000090a00000|  0%| F|  |TAMS 0x0000000090900000| PB 0x0000000090900000| Untracked 
| 266|0x0000000090a00000, 0x0000000090a00000, 0x0000000090b00000|  0%| F|  |TAMS 0x0000000090a00000| PB 0x0000000090a00000| Untracked 
| 267|0x0000000090b00000, 0x0000000090b00000, 0x0000000090c00000|  0%| F|  |TAMS 0x0000000090b00000| PB 0x0000000090b00000| Untracked 
| 268|0x0000000090c00000, 0x0000000090c00000, 0x0000000090d00000|  0%| F|  |TAMS 0x0000000090c00000| PB 0x0000000090c00000| Untracked 
| 269|0x0000000090d00000, 0x0000000090e00000, 0x0000000090e00000|100%| O|  |TAMS 0x0000000090e00000| PB 0x0000000090e00000| Updating 
| 270|0x0000000090e00000, 0x0000000090e00000, 0x0000000090f00000|  0%| F|  |TAMS 0x0000000090e00000| PB 0x0000000090e00000| Untracked 
| 271|0x0000000090f00000, 0x0000000090f00000, 0x0000000091000000|  0%| F|  |TAMS 0x0000000090f00000| PB 0x0000000090f00000| Untracked 
| 272|0x0000000091000000, 0x0000000091000000, 0x0000000091100000|  0%| F|  |TAMS 0x0000000091000000| PB 0x0000000091000000| Untracked 
| 273|0x0000000091100000, 0x0000000091100000, 0x0000000091200000|  0%| F|  |TAMS 0x0000000091100000| PB 0x0000000091100000| Untracked 
| 274|0x0000000091200000, 0x0000000091200000, 0x0000000091300000|  0%| F|  |TAMS 0x0000000091200000| PB 0x0000000091200000| Untracked 
| 275|0x0000000091300000, 0x0000000091300000, 0x0000000091400000|  0%| F|  |TAMS 0x0000000091300000| PB 0x0000000091300000| Untracked 
| 276|0x0000000091400000, 0x0000000091400000, 0x0000000091500000|  0%| F|  |TAMS 0x0000000091400000| PB 0x0000000091400000| Untracked 
| 277|0x0000000091500000, 0x0000000091500000, 0x0000000091600000|  0%| F|  |TAMS 0x0000000091500000| PB 0x0000000091500000| Untracked 
| 278|0x0000000091600000, 0x0000000091600000, 0x0000000091700000|  0%| F|  |TAMS 0x0000000091600000| PB 0x0000000091600000| Untracked 
| 279|0x0000000091700000, 0x0000000091700000, 0x0000000091800000|  0%| F|  |TAMS 0x0000000091700000| PB 0x0000000091700000| Untracked 
| 280|0x0000000091800000, 0x0000000091800000, 0x0000000091900000|  0%| F|  |TAMS 0x0000000091800000| PB 0x0000000091800000| Untracked 
| 281|0x0000000091900000, 0x0000000091900000, 0x0000000091a00000|  0%| F|  |TAMS 0x0000000091900000| PB 0x0000000091900000| Untracked 
| 282|0x0000000091a00000, 0x0000000091a00000, 0x0000000091b00000|  0%| F|  |TAMS 0x0000000091a00000| PB 0x0000000091a00000| Untracked 
| 283|0x0000000091b00000, 0x0000000091b00000, 0x0000000091c00000|  0%| F|  |TAMS 0x0000000091b00000| PB 0x0000000091b00000| Untracked 
| 284|0x0000000091c00000, 0x0000000091c00000, 0x0000000091d00000|  0%| F|  |TAMS 0x0000000091c00000| PB 0x0000000091c00000| Untracked 
| 285|0x0000000091d00000, 0x0000000091d00000, 0x0000000091e00000|  0%| F|  |TAMS 0x0000000091d00000| PB 0x0000000091d00000| Untracked 
| 286|0x0000000091e00000, 0x0000000091e00000, 0x0000000091f00000|  0%| F|  |TAMS 0x0000000091e00000| PB 0x0000000091e00000| Untracked 
| 287|0x0000000091f00000, 0x0000000091f00000, 0x0000000092000000|  0%| F|  |TAMS 0x0000000091f00000| PB 0x0000000091f00000| Untracked 
| 288|0x0000000092000000, 0x0000000092000000, 0x0000000092100000|  0%| F|  |TAMS 0x0000000092000000| PB 0x0000000092000000| Untracked 
| 289|0x0000000092100000, 0x0000000092100000, 0x0000000092200000|  0%| F|  |TAMS 0x0000000092100000| PB 0x0000000092100000| Untracked 
| 290|0x0000000092200000, 0x0000000092200000, 0x0000000092300000|  0%| F|  |TAMS 0x0000000092200000| PB 0x0000000092200000| Untracked 
| 291|0x0000000092300000, 0x0000000092300000, 0x0000000092400000|  0%| F|  |TAMS 0x0000000092300000| PB 0x0000000092300000| Untracked 
| 292|0x0000000092400000, 0x0000000092400000, 0x0000000092500000|  0%| F|  |TAMS 0x0000000092400000| PB 0x0000000092400000| Untracked 
| 293|0x0000000092500000, 0x0000000092500000, 0x0000000092600000|  0%| F|  |TAMS 0x0000000092500000| PB 0x0000000092500000| Untracked 
| 294|0x0000000092600000, 0x0000000092600000, 0x0000000092700000|  0%| F|  |TAMS 0x0000000092600000| PB 0x0000000092600000| Untracked 
| 295|0x0000000092700000, 0x0000000092700000, 0x0000000092800000|  0%| F|  |TAMS 0x0000000092700000| PB 0x0000000092700000| Untracked 
| 296|0x0000000092800000, 0x0000000092800000, 0x0000000092900000|  0%| F|  |TAMS 0x0000000092800000| PB 0x0000000092800000| Untracked 
| 297|0x0000000092900000, 0x0000000092900000, 0x0000000092a00000|  0%| F|  |TAMS 0x0000000092900000| PB 0x0000000092900000| Untracked 
| 298|0x0000000092a00000, 0x0000000092a00000, 0x0000000092b00000|  0%| F|  |TAMS 0x0000000092a00000| PB 0x0000000092a00000| Untracked 
| 299|0x0000000092b00000, 0x0000000092b00000, 0x0000000092c00000|  0%| F|  |TAMS 0x0000000092b00000| PB 0x0000000092b00000| Untracked 
| 300|0x0000000092c00000, 0x0000000092c00000, 0x0000000092d00000|  0%| F|  |TAMS 0x0000000092c00000| PB 0x0000000092c00000| Untracked 
| 301|0x0000000092d00000, 0x0000000092d00000, 0x0000000092e00000|  0%| F|  |TAMS 0x0000000092d00000| PB 0x0000000092d00000| Untracked 
| 302|0x0000000092e00000, 0x0000000092e00000, 0x0000000092f00000|  0%| F|  |TAMS 0x0000000092e00000| PB 0x0000000092e00000| Untracked 
| 303|0x0000000092f00000, 0x0000000092f00000, 0x0000000093000000|  0%| F|  |TAMS 0x0000000092f00000| PB 0x0000000092f00000| Untracked 
| 304|0x0000000093000000, 0x0000000093000000, 0x0000000093100000|  0%| F|  |TAMS 0x0000000093000000| PB 0x0000000093000000| Untracked 
| 305|0x0000000093100000, 0x0000000093100000, 0x0000000093200000|  0%| F|  |TAMS 0x0000000093100000| PB 0x0000000093100000| Untracked 
| 306|0x0000000093200000, 0x0000000093200000, 0x0000000093300000|  0%| F|  |TAMS 0x0000000093200000| PB 0x0000000093200000| Untracked 
| 307|0x0000000093300000, 0x0000000093300000, 0x0000000093400000|  0%| F|  |TAMS 0x0000000093300000| PB 0x0000000093300000| Untracked 
| 308|0x0000000093400000, 0x0000000093400000, 0x0000000093500000|  0%| F|  |TAMS 0x0000000093400000| PB 0x0000000093400000| Untracked 
| 309|0x0000000093500000, 0x0000000093500000, 0x0000000093600000|  0%| F|  |TAMS 0x0000000093500000| PB 0x0000000093500000| Untracked 
| 310|0x0000000093600000, 0x0000000093600000, 0x0000000093700000|  0%| F|  |TAMS 0x0000000093600000| PB 0x0000000093600000| Untracked 
| 311|0x0000000093700000, 0x0000000093700000, 0x0000000093800000|  0%| F|  |TAMS 0x0000000093700000| PB 0x0000000093700000| Untracked 
| 312|0x0000000093800000, 0x0000000093800000, 0x0000000093900000|  0%| F|  |TAMS 0x0000000093800000| PB 0x0000000093800000| Untracked 
| 313|0x0000000093900000, 0x0000000093900000, 0x0000000093a00000|  0%| F|  |TAMS 0x0000000093900000| PB 0x0000000093900000| Untracked 
| 314|0x0000000093a00000, 0x0000000093a00000, 0x0000000093b00000|  0%| F|  |TAMS 0x0000000093a00000| PB 0x0000000093a00000| Untracked 
| 315|0x0000000093b00000, 0x0000000093b00000, 0x0000000093c00000|  0%| F|  |TAMS 0x0000000093b00000| PB 0x0000000093b00000| Untracked 
| 316|0x0000000093c00000, 0x0000000093c00000, 0x0000000093d00000|  0%| F|  |TAMS 0x0000000093c00000| PB 0x0000000093c00000| Untracked 
| 317|0x0000000093d00000, 0x0000000093d00000, 0x0000000093e00000|  0%| F|  |TAMS 0x0000000093d00000| PB 0x0000000093d00000| Untracked 
| 318|0x0000000093e00000, 0x0000000093e00000, 0x0000000093f00000|  0%| F|  |TAMS 0x0000000093e00000| PB 0x0000000093e00000| Untracked 
| 319|0x0000000093f00000, 0x0000000093f00000, 0x0000000094000000|  0%| F|  |TAMS 0x0000000093f00000| PB 0x0000000093f00000| Untracked 
| 320|0x0000000094000000, 0x0000000094000000, 0x0000000094100000|  0%| F|  |TAMS 0x0000000094000000| PB 0x0000000094000000| Untracked 
| 321|0x0000000094100000, 0x0000000094100000, 0x0000000094200000|  0%| F|  |TAMS 0x0000000094100000| PB 0x0000000094100000| Untracked 
| 322|0x0000000094200000, 0x0000000094200000, 0x0000000094300000|  0%| F|  |TAMS 0x0000000094200000| PB 0x0000000094200000| Untracked 
| 323|0x0000000094300000, 0x0000000094300000, 0x0000000094400000|  0%| F|  |TAMS 0x0000000094300000| PB 0x0000000094300000| Untracked 
| 324|0x0000000094400000, 0x0000000094400000, 0x0000000094500000|  0%| F|  |TAMS 0x0000000094400000| PB 0x0000000094400000| Untracked 
| 325|0x0000000094500000, 0x0000000094500000, 0x0000000094600000|  0%| F|  |TAMS 0x0000000094500000| PB 0x0000000094500000| Untracked 
| 326|0x0000000094600000, 0x0000000094600000, 0x0000000094700000|  0%| F|  |TAMS 0x0000000094600000| PB 0x0000000094600000| Untracked 
| 327|0x0000000094700000, 0x0000000094700000, 0x0000000094800000|  0%| F|  |TAMS 0x0000000094700000| PB 0x0000000094700000| Untracked 
| 328|0x0000000094800000, 0x0000000094800000, 0x0000000094900000|  0%| F|  |TAMS 0x0000000094800000| PB 0x0000000094800000| Untracked 
| 329|0x0000000094900000, 0x0000000094900000, 0x0000000094a00000|  0%| F|  |TAMS 0x0000000094900000| PB 0x0000000094900000| Untracked 
| 330|0x0000000094a00000, 0x0000000094a00000, 0x0000000094b00000|  0%| F|  |TAMS 0x0000000094a00000| PB 0x0000000094a00000| Untracked 
| 331|0x0000000094b00000, 0x0000000094b00000, 0x0000000094c00000|  0%| F|  |TAMS 0x0000000094b00000| PB 0x0000000094b00000| Untracked 
| 332|0x0000000094c00000, 0x0000000094c00000, 0x0000000094d00000|  0%| F|  |TAMS 0x0000000094c00000| PB 0x0000000094c00000| Untracked 
| 333|0x0000000094d00000, 0x0000000094d00000, 0x0000000094e00000|  0%| F|  |TAMS 0x0000000094d00000| PB 0x0000000094d00000| Untracked 
| 334|0x0000000094e00000, 0x0000000094e00000, 0x0000000094f00000|  0%| F|  |TAMS 0x0000000094e00000| PB 0x0000000094e00000| Untracked 
| 335|0x0000000094f00000, 0x0000000094f00000, 0x0000000095000000|  0%| F|  |TAMS 0x0000000094f00000| PB 0x0000000094f00000| Untracked 
| 336|0x0000000095000000, 0x0000000095000000, 0x0000000095100000|  0%| F|  |TAMS 0x0000000095000000| PB 0x0000000095000000| Untracked 
| 337|0x0000000095100000, 0x0000000095100000, 0x0000000095200000|  0%| F|  |TAMS 0x0000000095100000| PB 0x0000000095100000| Untracked 
| 338|0x0000000095200000, 0x0000000095200000, 0x0000000095300000|  0%| F|  |TAMS 0x0000000095200000| PB 0x0000000095200000| Untracked 
| 339|0x0000000095300000, 0x0000000095300000, 0x0000000095400000|  0%| F|  |TAMS 0x0000000095300000| PB 0x0000000095300000| Untracked 
| 340|0x0000000095400000, 0x0000000095400000, 0x0000000095500000|  0%| F|  |TAMS 0x0000000095400000| PB 0x0000000095400000| Untracked 
| 341|0x0000000095500000, 0x0000000095500000, 0x0000000095600000|  0%| F|  |TAMS 0x0000000095500000| PB 0x0000000095500000| Untracked 
| 342|0x0000000095600000, 0x0000000095600000, 0x0000000095700000|  0%| F|  |TAMS 0x0000000095600000| PB 0x0000000095600000| Untracked 
| 343|0x0000000095700000, 0x0000000095700000, 0x0000000095800000|  0%| F|  |TAMS 0x0000000095700000| PB 0x0000000095700000| Untracked 
| 344|0x0000000095800000, 0x0000000095800000, 0x0000000095900000|  0%| F|  |TAMS 0x0000000095800000| PB 0x0000000095800000| Untracked 
| 345|0x0000000095900000, 0x0000000095900000, 0x0000000095a00000|  0%| F|  |TAMS 0x0000000095900000| PB 0x0000000095900000| Untracked 
| 346|0x0000000095a00000, 0x0000000095a00000, 0x0000000095b00000|  0%| F|  |TAMS 0x0000000095a00000| PB 0x0000000095a00000| Untracked 
| 347|0x0000000095b00000, 0x0000000095b00000, 0x0000000095c00000|  0%| F|  |TAMS 0x0000000095b00000| PB 0x0000000095b00000| Untracked 
| 348|0x0000000095c00000, 0x0000000095c00000, 0x0000000095d00000|  0%| F|  |TAMS 0x0000000095c00000| PB 0x0000000095c00000| Untracked 
| 349|0x0000000095d00000, 0x0000000095d00000, 0x0000000095e00000|  0%| F|  |TAMS 0x0000000095d00000| PB 0x0000000095d00000| Untracked 
| 350|0x0000000095e00000, 0x0000000095e00000, 0x0000000095f00000|  0%| F|  |TAMS 0x0000000095e00000| PB 0x0000000095e00000| Untracked 
| 351|0x0000000095f00000, 0x0000000095f00000, 0x0000000096000000|  0%| F|  |TAMS 0x0000000095f00000| PB 0x0000000095f00000| Untracked 
| 352|0x0000000096000000, 0x0000000096000000, 0x0000000096100000|  0%| F|  |TAMS 0x0000000096000000| PB 0x0000000096000000| Untracked 
| 353|0x0000000096100000, 0x0000000096100000, 0x0000000096200000|  0%| F|  |TAMS 0x0000000096100000| PB 0x0000000096100000| Untracked 
| 354|0x0000000096200000, 0x0000000096200000, 0x0000000096300000|  0%| F|  |TAMS 0x0000000096200000| PB 0x0000000096200000| Untracked 
| 355|0x0000000096300000, 0x0000000096300000, 0x0000000096400000|  0%| F|  |TAMS 0x0000000096300000| PB 0x0000000096300000| Untracked 
| 356|0x0000000096400000, 0x0000000096400000, 0x0000000096500000|  0%| F|  |TAMS 0x0000000096400000| PB 0x0000000096400000| Untracked 
| 357|0x0000000096500000, 0x0000000096500000, 0x0000000096600000|  0%| F|  |TAMS 0x0000000096500000| PB 0x0000000096500000| Untracked 
| 358|0x0000000096600000, 0x0000000096600000, 0x0000000096700000|  0%| F|  |TAMS 0x0000000096600000| PB 0x0000000096600000| Untracked 
| 359|0x0000000096700000, 0x0000000096700000, 0x0000000096800000|  0%| F|  |TAMS 0x0000000096700000| PB 0x0000000096700000| Untracked 
| 360|0x0000000096800000, 0x0000000096800000, 0x0000000096900000|  0%| F|  |TAMS 0x0000000096800000| PB 0x0000000096800000| Untracked 
| 361|0x0000000096900000, 0x0000000096900000, 0x0000000096a00000|  0%| F|  |TAMS 0x0000000096900000| PB 0x0000000096900000| Untracked 
| 362|0x0000000096a00000, 0x0000000096a00000, 0x0000000096b00000|  0%| F|  |TAMS 0x0000000096a00000| PB 0x0000000096a00000| Untracked 
| 363|0x0000000096b00000, 0x0000000096b00000, 0x0000000096c00000|  0%| F|  |TAMS 0x0000000096b00000| PB 0x0000000096b00000| Untracked 
| 364|0x0000000096c00000, 0x0000000096c00000, 0x0000000096d00000|  0%| F|  |TAMS 0x0000000096c00000| PB 0x0000000096c00000| Untracked 
| 365|0x0000000096d00000, 0x0000000096d00000, 0x0000000096e00000|  0%| F|  |TAMS 0x0000000096d00000| PB 0x0000000096d00000| Untracked 
| 366|0x0000000096e00000, 0x0000000096e00000, 0x0000000096f00000|  0%| F|  |TAMS 0x0000000096e00000| PB 0x0000000096e00000| Untracked 
| 367|0x0000000096f00000, 0x0000000096f00000, 0x0000000097000000|  0%| F|  |TAMS 0x0000000096f00000| PB 0x0000000096f00000| Untracked 
| 368|0x0000000097000000, 0x0000000097000000, 0x0000000097100000|  0%| F|  |TAMS 0x0000000097000000| PB 0x0000000097000000| Untracked 
| 369|0x0000000097100000, 0x0000000097100000, 0x0000000097200000|  0%| F|  |TAMS 0x0000000097100000| PB 0x0000000097100000| Untracked 
| 370|0x0000000097200000, 0x0000000097200000, 0x0000000097300000|  0%| F|  |TAMS 0x0000000097200000| PB 0x0000000097200000| Untracked 
| 371|0x0000000097300000, 0x0000000097300000, 0x0000000097400000|  0%| F|  |TAMS 0x0000000097300000| PB 0x0000000097300000| Untracked 
| 372|0x0000000097400000, 0x0000000097400000, 0x0000000097500000|  0%| F|  |TAMS 0x0000000097400000| PB 0x0000000097400000| Untracked 
| 373|0x0000000097500000, 0x0000000097500000, 0x0000000097600000|  0%| F|  |TAMS 0x0000000097500000| PB 0x0000000097500000| Untracked 
| 374|0x0000000097600000, 0x0000000097600000, 0x0000000097700000|  0%| F|  |TAMS 0x0000000097600000| PB 0x0000000097600000| Untracked 
| 375|0x0000000097700000, 0x0000000097700000, 0x0000000097800000|  0%| F|  |TAMS 0x0000000097700000| PB 0x0000000097700000| Untracked 
| 376|0x0000000097800000, 0x0000000097800000, 0x0000000097900000|  0%| F|  |TAMS 0x0000000097800000| PB 0x0000000097800000| Untracked 
| 377|0x0000000097900000, 0x0000000097900000, 0x0000000097a00000|  0%| F|  |TAMS 0x0000000097900000| PB 0x0000000097900000| Untracked 
| 378|0x0000000097a00000, 0x0000000097a00000, 0x0000000097b00000|  0%| F|  |TAMS 0x0000000097a00000| PB 0x0000000097a00000| Untracked 
| 379|0x0000000097b00000, 0x0000000097b00000, 0x0000000097c00000|  0%| F|  |TAMS 0x0000000097b00000| PB 0x0000000097b00000| Untracked 
| 380|0x0000000097c00000, 0x0000000097c00000, 0x0000000097d00000|  0%| F|  |TAMS 0x0000000097c00000| PB 0x0000000097c00000| Untracked 
| 381|0x0000000097d00000, 0x0000000097d00000, 0x0000000097e00000|  0%| F|  |TAMS 0x0000000097d00000| PB 0x0000000097d00000| Untracked 
| 382|0x0000000097e00000, 0x0000000097e00000, 0x0000000097f00000|  0%| F|  |TAMS 0x0000000097e00000| PB 0x0000000097e00000| Untracked 
| 383|0x0000000097f00000, 0x0000000097f00000, 0x0000000098000000|  0%| F|  |TAMS 0x0000000097f00000| PB 0x0000000097f00000| Untracked 
| 384|0x0000000098000000, 0x0000000098000000, 0x0000000098100000|  0%| F|  |TAMS 0x0000000098000000| PB 0x0000000098000000| Untracked 
| 385|0x0000000098100000, 0x0000000098100000, 0x0000000098200000|  0%| F|  |TAMS 0x0000000098100000| PB 0x0000000098100000| Untracked 
| 386|0x0000000098200000, 0x0000000098200000, 0x0000000098300000|  0%| F|  |TAMS 0x0000000098200000| PB 0x0000000098200000| Untracked 
| 387|0x0000000098300000, 0x0000000098300000, 0x0000000098400000|  0%| F|  |TAMS 0x0000000098300000| PB 0x0000000098300000| Untracked 
| 388|0x0000000098400000, 0x0000000098400000, 0x0000000098500000|  0%| F|  |TAMS 0x0000000098400000| PB 0x0000000098400000| Untracked 
| 389|0x0000000098500000, 0x0000000098500000, 0x0000000098600000|  0%| F|  |TAMS 0x0000000098500000| PB 0x0000000098500000| Untracked 
| 390|0x0000000098600000, 0x0000000098600000, 0x0000000098700000|  0%| F|  |TAMS 0x0000000098600000| PB 0x0000000098600000| Untracked 
| 391|0x0000000098700000, 0x0000000098700000, 0x0000000098800000|  0%| F|  |TAMS 0x0000000098700000| PB 0x0000000098700000| Untracked 
| 392|0x0000000098800000, 0x0000000098800000, 0x0000000098900000|  0%| F|  |TAMS 0x0000000098800000| PB 0x0000000098800000| Untracked 
| 393|0x0000000098900000, 0x0000000098900000, 0x0000000098a00000|  0%| F|  |TAMS 0x0000000098900000| PB 0x0000000098900000| Untracked 
| 394|0x0000000098a00000, 0x0000000098a00000, 0x0000000098b00000|  0%| F|  |TAMS 0x0000000098a00000| PB 0x0000000098a00000| Untracked 
| 395|0x0000000098b00000, 0x0000000098b00000, 0x0000000098c00000|  0%| F|  |TAMS 0x0000000098b00000| PB 0x0000000098b00000| Untracked 
| 396|0x0000000098c00000, 0x0000000098c00000, 0x0000000098d00000|  0%| F|  |TAMS 0x0000000098c00000| PB 0x0000000098c00000| Untracked 
| 397|0x0000000098d00000, 0x0000000098d00000, 0x0000000098e00000|  0%| F|  |TAMS 0x0000000098d00000| PB 0x0000000098d00000| Untracked 
| 398|0x0000000098e00000, 0x0000000098e00000, 0x0000000098f00000|  0%| F|  |TAMS 0x0000000098e00000| PB 0x0000000098e00000| Untracked 
| 399|0x0000000098f00000, 0x0000000098f00000, 0x0000000099000000|  0%| F|  |TAMS 0x0000000098f00000| PB 0x0000000098f00000| Untracked 
| 400|0x0000000099000000, 0x0000000099000000, 0x0000000099100000|  0%| F|  |TAMS 0x0000000099000000| PB 0x0000000099000000| Untracked 
| 401|0x0000000099100000, 0x0000000099100000, 0x0000000099200000|  0%| F|  |TAMS 0x0000000099100000| PB 0x0000000099100000| Untracked 
| 402|0x0000000099200000, 0x0000000099200000, 0x0000000099300000|  0%| F|  |TAMS 0x0000000099200000| PB 0x0000000099200000| Untracked 
| 403|0x0000000099300000, 0x0000000099300000, 0x0000000099400000|  0%| F|  |TAMS 0x0000000099300000| PB 0x0000000099300000| Untracked 
| 404|0x0000000099400000, 0x0000000099400000, 0x0000000099500000|  0%| F|  |TAMS 0x0000000099400000| PB 0x0000000099400000| Untracked 
| 405|0x0000000099500000, 0x0000000099500000, 0x0000000099600000|  0%| F|  |TAMS 0x0000000099500000| PB 0x0000000099500000| Untracked 
| 406|0x0000000099600000, 0x0000000099600000, 0x0000000099700000|  0%| F|  |TAMS 0x0000000099600000| PB 0x0000000099600000| Untracked 
| 407|0x0000000099700000, 0x0000000099700000, 0x0000000099800000|  0%| F|  |TAMS 0x0000000099700000| PB 0x0000000099700000| Untracked 
| 408|0x0000000099800000, 0x0000000099800000, 0x0000000099900000|  0%| F|  |TAMS 0x0000000099800000| PB 0x0000000099800000| Untracked 
| 409|0x0000000099900000, 0x0000000099900000, 0x0000000099a00000|  0%| F|  |TAMS 0x0000000099900000| PB 0x0000000099900000| Untracked 
| 410|0x0000000099a00000, 0x0000000099a00000, 0x0000000099b00000|  0%| F|  |TAMS 0x0000000099a00000| PB 0x0000000099a00000| Untracked 
| 411|0x0000000099b00000, 0x0000000099b00000, 0x0000000099c00000|  0%| F|  |TAMS 0x0000000099b00000| PB 0x0000000099b00000| Untracked 
| 412|0x0000000099c00000, 0x0000000099c00000, 0x0000000099d00000|  0%| F|  |TAMS 0x0000000099c00000| PB 0x0000000099c00000| Untracked 
| 413|0x0000000099d00000, 0x0000000099d00000, 0x0000000099e00000|  0%| F|  |TAMS 0x0000000099d00000| PB 0x0000000099d00000| Untracked 
| 414|0x0000000099e00000, 0x0000000099e00000, 0x0000000099f00000|  0%| F|  |TAMS 0x0000000099e00000| PB 0x0000000099e00000| Untracked 
| 415|0x0000000099f00000, 0x0000000099f00000, 0x000000009a000000|  0%| F|  |TAMS 0x0000000099f00000| PB 0x0000000099f00000| Untracked 
| 416|0x000000009a000000, 0x000000009a000000, 0x000000009a100000|  0%| F|  |TAMS 0x000000009a000000| PB 0x000000009a000000| Untracked 
| 417|0x000000009a100000, 0x000000009a100000, 0x000000009a200000|  0%| F|  |TAMS 0x000000009a100000| PB 0x000000009a100000| Untracked 
| 418|0x000000009a200000, 0x000000009a200000, 0x000000009a300000|  0%| F|  |TAMS 0x000000009a200000| PB 0x000000009a200000| Untracked 
| 419|0x000000009a300000, 0x000000009a300000, 0x000000009a400000|  0%| F|  |TAMS 0x000000009a300000| PB 0x000000009a300000| Untracked 
| 420|0x000000009a400000, 0x000000009a400000, 0x000000009a500000|  0%| F|  |TAMS 0x000000009a400000| PB 0x000000009a400000| Untracked 
| 421|0x000000009a500000, 0x000000009a500000, 0x000000009a600000|  0%| F|  |TAMS 0x000000009a500000| PB 0x000000009a500000| Untracked 
| 422|0x000000009a600000, 0x000000009a600000, 0x000000009a700000|  0%| F|  |TAMS 0x000000009a600000| PB 0x000000009a600000| Untracked 
| 423|0x000000009a700000, 0x000000009a700000, 0x000000009a800000|  0%| F|  |TAMS 0x000000009a700000| PB 0x000000009a700000| Untracked 
| 424|0x000000009a800000, 0x000000009a800000, 0x000000009a900000|  0%| F|  |TAMS 0x000000009a800000| PB 0x000000009a800000| Untracked 
| 425|0x000000009a900000, 0x000000009a900000, 0x000000009aa00000|  0%| F|  |TAMS 0x000000009a900000| PB 0x000000009a900000| Untracked 
| 426|0x000000009aa00000, 0x000000009aa00000, 0x000000009ab00000|  0%| F|  |TAMS 0x000000009aa00000| PB 0x000000009aa00000| Untracked 
| 427|0x000000009ab00000, 0x000000009ab00000, 0x000000009ac00000|  0%| F|  |TAMS 0x000000009ab00000| PB 0x000000009ab00000| Untracked 
| 428|0x000000009ac00000, 0x000000009ac00000, 0x000000009ad00000|  0%| F|  |TAMS 0x000000009ac00000| PB 0x000000009ac00000| Untracked 
| 429|0x000000009ad00000, 0x000000009ad00000, 0x000000009ae00000|  0%| F|  |TAMS 0x000000009ad00000| PB 0x000000009ad00000| Untracked 
| 430|0x000000009ae00000, 0x000000009ae00000, 0x000000009af00000|  0%| F|  |TAMS 0x000000009ae00000| PB 0x000000009ae00000| Untracked 
| 431|0x000000009af00000, 0x000000009af00000, 0x000000009b000000|  0%| F|  |TAMS 0x000000009af00000| PB 0x000000009af00000| Untracked 
| 432|0x000000009b000000, 0x000000009b000000, 0x000000009b100000|  0%| F|  |TAMS 0x000000009b000000| PB 0x000000009b000000| Untracked 
| 433|0x000000009b100000, 0x000000009b100000, 0x000000009b200000|  0%| F|  |TAMS 0x000000009b100000| PB 0x000000009b100000| Untracked 
| 434|0x000000009b200000, 0x000000009b200000, 0x000000009b300000|  0%| F|  |TAMS 0x000000009b200000| PB 0x000000009b200000| Untracked 
| 435|0x000000009b300000, 0x000000009b300000, 0x000000009b400000|  0%| F|  |TAMS 0x000000009b300000| PB 0x000000009b300000| Untracked 
| 436|0x000000009b400000, 0x000000009b400000, 0x000000009b500000|  0%| F|  |TAMS 0x000000009b400000| PB 0x000000009b400000| Untracked 
| 437|0x000000009b500000, 0x000000009b500000, 0x000000009b600000|  0%| F|  |TAMS 0x000000009b500000| PB 0x000000009b500000| Untracked 
| 438|0x000000009b600000, 0x000000009b600000, 0x000000009b700000|  0%| F|  |TAMS 0x000000009b600000| PB 0x000000009b600000| Untracked 
| 439|0x000000009b700000, 0x000000009b700000, 0x000000009b800000|  0%| F|  |TAMS 0x000000009b700000| PB 0x000000009b700000| Untracked 
| 440|0x000000009b800000, 0x000000009b800000, 0x000000009b900000|  0%| F|  |TAMS 0x000000009b800000| PB 0x000000009b800000| Untracked 
| 441|0x000000009b900000, 0x000000009b900000, 0x000000009ba00000|  0%| F|  |TAMS 0x000000009b900000| PB 0x000000009b900000| Untracked 
| 442|0x000000009ba00000, 0x000000009ba00000, 0x000000009bb00000|  0%| F|  |TAMS 0x000000009ba00000| PB 0x000000009ba00000| Untracked 
| 443|0x000000009bb00000, 0x000000009bb00000, 0x000000009bc00000|  0%| F|  |TAMS 0x000000009bb00000| PB 0x000000009bb00000| Untracked 
| 444|0x000000009bc00000, 0x000000009bc00000, 0x000000009bd00000|  0%| F|  |TAMS 0x000000009bc00000| PB 0x000000009bc00000| Untracked 
| 445|0x000000009bd00000, 0x000000009bd00000, 0x000000009be00000|  0%| F|  |TAMS 0x000000009bd00000| PB 0x000000009bd00000| Untracked 
| 446|0x000000009be00000, 0x000000009be00000, 0x000000009bf00000|  0%| F|  |TAMS 0x000000009be00000| PB 0x000000009be00000| Untracked 
| 447|0x000000009bf00000, 0x000000009bf00000, 0x000000009c000000|  0%| F|  |TAMS 0x000000009bf00000| PB 0x000000009bf00000| Untracked 
| 448|0x000000009c000000, 0x000000009c000000, 0x000000009c100000|  0%| F|  |TAMS 0x000000009c000000| PB 0x000000009c000000| Untracked 
| 449|0x000000009c100000, 0x000000009c100000, 0x000000009c200000|  0%| F|  |TAMS 0x000000009c100000| PB 0x000000009c100000| Untracked 
| 450|0x000000009c200000, 0x000000009c200000, 0x000000009c300000|  0%| F|  |TAMS 0x000000009c200000| PB 0x000000009c200000| Untracked 
| 451|0x000000009c300000, 0x000000009c300000, 0x000000009c400000|  0%| F|  |TAMS 0x000000009c300000| PB 0x000000009c300000| Untracked 
| 452|0x000000009c400000, 0x000000009c400000, 0x000000009c500000|  0%| F|  |TAMS 0x000000009c400000| PB 0x000000009c400000| Untracked 
| 453|0x000000009c500000, 0x000000009c500000, 0x000000009c600000|  0%| F|  |TAMS 0x000000009c500000| PB 0x000000009c500000| Untracked 
| 454|0x000000009c600000, 0x000000009c600000, 0x000000009c700000|  0%| F|  |TAMS 0x000000009c600000| PB 0x000000009c600000| Untracked 
| 455|0x000000009c700000, 0x000000009c700000, 0x000000009c800000|  0%| F|  |TAMS 0x000000009c700000| PB 0x000000009c700000| Untracked 
| 456|0x000000009c800000, 0x000000009c800000, 0x000000009c900000|  0%| F|  |TAMS 0x000000009c800000| PB 0x000000009c800000| Untracked 
| 457|0x000000009c900000, 0x000000009c900000, 0x000000009ca00000|  0%| F|  |TAMS 0x000000009c900000| PB 0x000000009c900000| Untracked 
| 458|0x000000009ca00000, 0x000000009ca00000, 0x000000009cb00000|  0%| F|  |TAMS 0x000000009ca00000| PB 0x000000009ca00000| Untracked 
| 459|0x000000009cb00000, 0x000000009cb00000, 0x000000009cc00000|  0%| F|  |TAMS 0x000000009cb00000| PB 0x000000009cb00000| Untracked 
| 460|0x000000009cc00000, 0x000000009cc00000, 0x000000009cd00000|  0%| F|  |TAMS 0x000000009cc00000| PB 0x000000009cc00000| Untracked 
| 461|0x000000009cd00000, 0x000000009cd00000, 0x000000009ce00000|  0%| F|  |TAMS 0x000000009cd00000| PB 0x000000009cd00000| Untracked 
| 462|0x000000009ce00000, 0x000000009ce00000, 0x000000009cf00000|  0%| F|  |TAMS 0x000000009ce00000| PB 0x000000009ce00000| Untracked 
| 463|0x000000009cf00000, 0x000000009cf00000, 0x000000009d000000|  0%| F|  |TAMS 0x000000009cf00000| PB 0x000000009cf00000| Untracked 
| 464|0x000000009d000000, 0x000000009d000000, 0x000000009d100000|  0%| F|  |TAMS 0x000000009d000000| PB 0x000000009d000000| Untracked 
| 465|0x000000009d100000, 0x000000009d100000, 0x000000009d200000|  0%| F|  |TAMS 0x000000009d100000| PB 0x000000009d100000| Untracked 
| 466|0x000000009d200000, 0x000000009d200000, 0x000000009d300000|  0%| F|  |TAMS 0x000000009d200000| PB 0x000000009d200000| Untracked 
| 467|0x000000009d300000, 0x000000009d300000, 0x000000009d400000|  0%| F|  |TAMS 0x000000009d300000| PB 0x000000009d300000| Untracked 
| 468|0x000000009d400000, 0x000000009d400000, 0x000000009d500000|  0%| F|  |TAMS 0x000000009d400000| PB 0x000000009d400000| Untracked 
| 469|0x000000009d500000, 0x000000009d500000, 0x000000009d600000|  0%| F|  |TAMS 0x000000009d500000| PB 0x000000009d500000| Untracked 
| 470|0x000000009d600000, 0x000000009d600000, 0x000000009d700000|  0%| F|  |TAMS 0x000000009d600000| PB 0x000000009d600000| Untracked 
| 471|0x000000009d700000, 0x000000009d700000, 0x000000009d800000|  0%| F|  |TAMS 0x000000009d700000| PB 0x000000009d700000| Untracked 
| 472|0x000000009d800000, 0x000000009d800000, 0x000000009d900000|  0%| F|  |TAMS 0x000000009d800000| PB 0x000000009d800000| Untracked 
| 473|0x000000009d900000, 0x000000009d900000, 0x000000009da00000|  0%| F|  |TAMS 0x000000009d900000| PB 0x000000009d900000| Untracked 
| 474|0x000000009da00000, 0x000000009da00000, 0x000000009db00000|  0%| F|  |TAMS 0x000000009da00000| PB 0x000000009da00000| Untracked 
| 475|0x000000009db00000, 0x000000009db00000, 0x000000009dc00000|  0%| F|  |TAMS 0x000000009db00000| PB 0x000000009db00000| Untracked 
| 476|0x000000009dc00000, 0x000000009dc00000, 0x000000009dd00000|  0%| F|  |TAMS 0x000000009dc00000| PB 0x000000009dc00000| Untracked 
| 477|0x000000009dd00000, 0x000000009dd00000, 0x000000009de00000|  0%| F|  |TAMS 0x000000009dd00000| PB 0x000000009dd00000| Untracked 
| 478|0x000000009de00000, 0x000000009de00000, 0x000000009df00000|  0%| F|  |TAMS 0x000000009de00000| PB 0x000000009de00000| Untracked 
| 479|0x000000009df00000, 0x000000009df00000, 0x000000009e000000|  0%| F|  |TAMS 0x000000009df00000| PB 0x000000009df00000| Untracked 
| 480|0x000000009e000000, 0x000000009e000000, 0x000000009e100000|  0%| F|  |TAMS 0x000000009e000000| PB 0x000000009e000000| Untracked 
| 481|0x000000009e100000, 0x000000009e100000, 0x000000009e200000|  0%| F|  |TAMS 0x000000009e100000| PB 0x000000009e100000| Untracked 
| 482|0x000000009e200000, 0x000000009e200000, 0x000000009e300000|  0%| F|  |TAMS 0x000000009e200000| PB 0x000000009e200000| Untracked 
| 483|0x000000009e300000, 0x000000009e300000, 0x000000009e400000|  0%| F|  |TAMS 0x000000009e300000| PB 0x000000009e300000| Untracked 
| 484|0x000000009e400000, 0x000000009e400000, 0x000000009e500000|  0%| F|  |TAMS 0x000000009e400000| PB 0x000000009e400000| Untracked 
| 485|0x000000009e500000, 0x000000009e500000, 0x000000009e600000|  0%| F|  |TAMS 0x000000009e500000| PB 0x000000009e500000| Untracked 
| 486|0x000000009e600000, 0x000000009e600000, 0x000000009e700000|  0%| F|  |TAMS 0x000000009e600000| PB 0x000000009e600000| Untracked 
| 487|0x000000009e700000, 0x000000009e700000, 0x000000009e800000|  0%| F|  |TAMS 0x000000009e700000| PB 0x000000009e700000| Untracked 
| 488|0x000000009e800000, 0x000000009e800000, 0x000000009e900000|  0%| F|  |TAMS 0x000000009e800000| PB 0x000000009e800000| Untracked 
| 489|0x000000009e900000, 0x000000009e900000, 0x000000009ea00000|  0%| F|  |TAMS 0x000000009e900000| PB 0x000000009e900000| Untracked 
| 490|0x000000009ea00000, 0x000000009ea00000, 0x000000009eb00000|  0%| F|  |TAMS 0x000000009ea00000| PB 0x000000009ea00000| Untracked 
| 491|0x000000009eb00000, 0x000000009eb00000, 0x000000009ec00000|  0%| F|  |TAMS 0x000000009eb00000| PB 0x000000009eb00000| Untracked 
| 492|0x000000009ec00000, 0x000000009ec00000, 0x000000009ed00000|  0%| F|  |TAMS 0x000000009ec00000| PB 0x000000009ec00000| Untracked 
| 493|0x000000009ed00000, 0x000000009ed00000, 0x000000009ee00000|  0%| F|  |TAMS 0x000000009ed00000| PB 0x000000009ed00000| Untracked 
| 494|0x000000009ee00000, 0x000000009ee00000, 0x000000009ef00000|  0%| F|  |TAMS 0x000000009ee00000| PB 0x000000009ee00000| Untracked 
| 495|0x000000009ef00000, 0x000000009ef00000, 0x000000009f000000|  0%| F|  |TAMS 0x000000009ef00000| PB 0x000000009ef00000| Untracked 
| 496|0x000000009f000000, 0x000000009f000000, 0x000000009f100000|  0%| F|  |TAMS 0x000000009f000000| PB 0x000000009f000000| Untracked 
| 497|0x000000009f100000, 0x000000009f100000, 0x000000009f200000|  0%| F|  |TAMS 0x000000009f100000| PB 0x000000009f100000| Untracked 
| 498|0x000000009f200000, 0x000000009f200000, 0x000000009f300000|  0%| F|  |TAMS 0x000000009f200000| PB 0x000000009f200000| Untracked 
| 499|0x000000009f300000, 0x000000009f300000, 0x000000009f400000|  0%| F|  |TAMS 0x000000009f300000| PB 0x000000009f300000| Untracked 
| 500|0x000000009f400000, 0x000000009f400000, 0x000000009f500000|  0%| F|  |TAMS 0x000000009f400000| PB 0x000000009f400000| Untracked 
| 501|0x000000009f500000, 0x000000009f500000, 0x000000009f600000|  0%| F|  |TAMS 0x000000009f500000| PB 0x000000009f500000| Untracked 
| 502|0x000000009f600000, 0x000000009f600000, 0x000000009f700000|  0%| F|  |TAMS 0x000000009f600000| PB 0x000000009f600000| Untracked 
| 503|0x000000009f700000, 0x000000009f700000, 0x000000009f800000|  0%| F|  |TAMS 0x000000009f700000| PB 0x000000009f700000| Untracked 
| 504|0x000000009f800000, 0x000000009f800000, 0x000000009f900000|  0%| F|  |TAMS 0x000000009f800000| PB 0x000000009f800000| Untracked 
| 505|0x000000009f900000, 0x000000009f900000, 0x000000009fa00000|  0%| F|  |TAMS 0x000000009f900000| PB 0x000000009f900000| Untracked 
| 506|0x000000009fa00000, 0x000000009fa00000, 0x000000009fb00000|  0%| F|  |TAMS 0x000000009fa00000| PB 0x000000009fa00000| Untracked 
| 507|0x000000009fb00000, 0x000000009fb00000, 0x000000009fc00000|  0%| F|  |TAMS 0x000000009fb00000| PB 0x000000009fb00000| Untracked 
| 508|0x000000009fc00000, 0x000000009fc00000, 0x000000009fd00000|  0%| F|  |TAMS 0x000000009fc00000| PB 0x000000009fc00000| Untracked 
| 509|0x000000009fd00000, 0x000000009fd00000, 0x000000009fe00000|  0%| F|  |TAMS 0x000000009fd00000| PB 0x000000009fd00000| Untracked 
| 510|0x000000009fe00000, 0x000000009fe00000, 0x000000009ff00000|  0%| F|  |TAMS 0x000000009fe00000| PB 0x000000009fe00000| Untracked 
| 511|0x000000009ff00000, 0x000000009ff00000, 0x00000000a0000000|  0%| F|  |TAMS 0x000000009ff00000| PB 0x000000009ff00000| Untracked 
| 512|0x00000000a0000000, 0x00000000a0000000, 0x00000000a0100000|  0%| F|  |TAMS 0x00000000a0000000| PB 0x00000000a0000000| Untracked 
| 513|0x00000000a0100000, 0x00000000a0100000, 0x00000000a0200000|  0%| F|  |TAMS 0x00000000a0100000| PB 0x00000000a0100000| Untracked 
| 514|0x00000000a0200000, 0x00000000a0200000, 0x00000000a0300000|  0%| F|  |TAMS 0x00000000a0200000| PB 0x00000000a0200000| Untracked 
| 515|0x00000000a0300000, 0x00000000a0300000, 0x00000000a0400000|  0%| F|  |TAMS 0x00000000a0300000| PB 0x00000000a0300000| Untracked 
| 516|0x00000000a0400000, 0x00000000a0400000, 0x00000000a0500000|  0%| F|  |TAMS 0x00000000a0400000| PB 0x00000000a0400000| Untracked 
| 517|0x00000000a0500000, 0x00000000a0500000, 0x00000000a0600000|  0%| F|  |TAMS 0x00000000a0500000| PB 0x00000000a0500000| Untracked 
| 518|0x00000000a0600000, 0x00000000a0600000, 0x00000000a0700000|  0%| F|  |TAMS 0x00000000a0600000| PB 0x00000000a0600000| Untracked 
| 519|0x00000000a0700000, 0x00000000a0700000, 0x00000000a0800000|  0%| F|  |TAMS 0x00000000a0700000| PB 0x00000000a0700000| Untracked 
| 520|0x00000000a0800000, 0x00000000a0800000, 0x00000000a0900000|  0%| F|  |TAMS 0x00000000a0800000| PB 0x00000000a0800000| Untracked 
| 521|0x00000000a0900000, 0x00000000a0900000, 0x00000000a0a00000|  0%| F|  |TAMS 0x00000000a0900000| PB 0x00000000a0900000| Untracked 
| 522|0x00000000a0a00000, 0x00000000a0a00000, 0x00000000a0b00000|  0%| F|  |TAMS 0x00000000a0a00000| PB 0x00000000a0a00000| Untracked 
| 523|0x00000000a0b00000, 0x00000000a0b00000, 0x00000000a0c00000|  0%| F|  |TAMS 0x00000000a0b00000| PB 0x00000000a0b00000| Untracked 
| 524|0x00000000a0c00000, 0x00000000a0c00000, 0x00000000a0d00000|  0%| F|  |TAMS 0x00000000a0c00000| PB 0x00000000a0c00000| Untracked 
| 525|0x00000000a0d00000, 0x00000000a0d00000, 0x00000000a0e00000|  0%| F|  |TAMS 0x00000000a0d00000| PB 0x00000000a0d00000| Untracked 
| 526|0x00000000a0e00000, 0x00000000a0e00000, 0x00000000a0f00000|  0%| F|  |TAMS 0x00000000a0e00000| PB 0x00000000a0e00000| Untracked 
| 527|0x00000000a0f00000, 0x00000000a0f00000, 0x00000000a1000000|  0%| F|  |TAMS 0x00000000a0f00000| PB 0x00000000a0f00000| Untracked 
| 528|0x00000000a1000000, 0x00000000a1000000, 0x00000000a1100000|  0%| F|  |TAMS 0x00000000a1000000| PB 0x00000000a1000000| Untracked 
| 529|0x00000000a1100000, 0x00000000a1100000, 0x00000000a1200000|  0%| F|  |TAMS 0x00000000a1100000| PB 0x00000000a1100000| Untracked 
| 530|0x00000000a1200000, 0x00000000a1200000, 0x00000000a1300000|  0%| F|  |TAMS 0x00000000a1200000| PB 0x00000000a1200000| Untracked 
| 531|0x00000000a1300000, 0x00000000a1300000, 0x00000000a1400000|  0%| F|  |TAMS 0x00000000a1300000| PB 0x00000000a1300000| Untracked 
| 532|0x00000000a1400000, 0x00000000a1400000, 0x00000000a1500000|  0%| F|  |TAMS 0x00000000a1400000| PB 0x00000000a1400000| Untracked 
| 533|0x00000000a1500000, 0x00000000a1500000, 0x00000000a1600000|  0%| F|  |TAMS 0x00000000a1500000| PB 0x00000000a1500000| Untracked 
| 534|0x00000000a1600000, 0x00000000a1600000, 0x00000000a1700000|  0%| F|  |TAMS 0x00000000a1600000| PB 0x00000000a1600000| Untracked 
| 535|0x00000000a1700000, 0x00000000a1700000, 0x00000000a1800000|  0%| F|  |TAMS 0x00000000a1700000| PB 0x00000000a1700000| Untracked 
| 536|0x00000000a1800000, 0x00000000a1800000, 0x00000000a1900000|  0%| F|  |TAMS 0x00000000a1800000| PB 0x00000000a1800000| Untracked 
| 537|0x00000000a1900000, 0x00000000a1900000, 0x00000000a1a00000|  0%| F|  |TAMS 0x00000000a1900000| PB 0x00000000a1900000| Untracked 
| 538|0x00000000a1a00000, 0x00000000a1a00000, 0x00000000a1b00000|  0%| F|  |TAMS 0x00000000a1a00000| PB 0x00000000a1a00000| Untracked 
| 539|0x00000000a1b00000, 0x00000000a1b00000, 0x00000000a1c00000|  0%| F|  |TAMS 0x00000000a1b00000| PB 0x00000000a1b00000| Untracked 
| 540|0x00000000a1c00000, 0x00000000a1c00000, 0x00000000a1d00000|  0%| F|  |TAMS 0x00000000a1c00000| PB 0x00000000a1c00000| Untracked 
| 541|0x00000000a1d00000, 0x00000000a1d00000, 0x00000000a1e00000|  0%| F|  |TAMS 0x00000000a1d00000| PB 0x00000000a1d00000| Untracked 
| 542|0x00000000a1e00000, 0x00000000a1e00000, 0x00000000a1f00000|  0%| F|  |TAMS 0x00000000a1e00000| PB 0x00000000a1e00000| Untracked 
| 543|0x00000000a1f00000, 0x00000000a1f00000, 0x00000000a2000000|  0%| F|  |TAMS 0x00000000a1f00000| PB 0x00000000a1f00000| Untracked 
| 544|0x00000000a2000000, 0x00000000a2000000, 0x00000000a2100000|  0%| F|  |TAMS 0x00000000a2000000| PB 0x00000000a2000000| Untracked 
| 545|0x00000000a2100000, 0x00000000a2100000, 0x00000000a2200000|  0%| F|  |TAMS 0x00000000a2100000| PB 0x00000000a2100000| Untracked 
| 546|0x00000000a2200000, 0x00000000a2200000, 0x00000000a2300000|  0%| F|  |TAMS 0x00000000a2200000| PB 0x00000000a2200000| Untracked 
| 547|0x00000000a2300000, 0x00000000a2300000, 0x00000000a2400000|  0%| F|  |TAMS 0x00000000a2300000| PB 0x00000000a2300000| Untracked 
| 548|0x00000000a2400000, 0x00000000a2400000, 0x00000000a2500000|  0%| F|  |TAMS 0x00000000a2400000| PB 0x00000000a2400000| Untracked 
| 549|0x00000000a2500000, 0x00000000a2500000, 0x00000000a2600000|  0%| F|  |TAMS 0x00000000a2500000| PB 0x00000000a2500000| Untracked 
| 550|0x00000000a2600000, 0x00000000a2600000, 0x00000000a2700000|  0%| F|  |TAMS 0x00000000a2600000| PB 0x00000000a2600000| Untracked 
| 551|0x00000000a2700000, 0x00000000a2700000, 0x00000000a2800000|  0%| F|  |TAMS 0x00000000a2700000| PB 0x00000000a2700000| Untracked 
| 552|0x00000000a2800000, 0x00000000a2800000, 0x00000000a2900000|  0%| F|  |TAMS 0x00000000a2800000| PB 0x00000000a2800000| Untracked 
| 553|0x00000000a2900000, 0x00000000a2900000, 0x00000000a2a00000|  0%| F|  |TAMS 0x00000000a2900000| PB 0x00000000a2900000| Untracked 
| 554|0x00000000a2a00000, 0x00000000a2a00000, 0x00000000a2b00000|  0%| F|  |TAMS 0x00000000a2a00000| PB 0x00000000a2a00000| Untracked 
| 555|0x00000000a2b00000, 0x00000000a2b00000, 0x00000000a2c00000|  0%| F|  |TAMS 0x00000000a2b00000| PB 0x00000000a2b00000| Untracked 
| 556|0x00000000a2c00000, 0x00000000a2c00000, 0x00000000a2d00000|  0%| F|  |TAMS 0x00000000a2c00000| PB 0x00000000a2c00000| Untracked 
| 557|0x00000000a2d00000, 0x00000000a2d00000, 0x00000000a2e00000|  0%| F|  |TAMS 0x00000000a2d00000| PB 0x00000000a2d00000| Untracked 
| 558|0x00000000a2e00000, 0x00000000a2e00000, 0x00000000a2f00000|  0%| F|  |TAMS 0x00000000a2e00000| PB 0x00000000a2e00000| Untracked 
| 559|0x00000000a2f00000, 0x00000000a2f00000, 0x00000000a3000000|  0%| F|  |TAMS 0x00000000a2f00000| PB 0x00000000a2f00000| Untracked 
| 560|0x00000000a3000000, 0x00000000a3000000, 0x00000000a3100000|  0%| F|  |TAMS 0x00000000a3000000| PB 0x00000000a3000000| Untracked 
| 561|0x00000000a3100000, 0x00000000a3100000, 0x00000000a3200000|  0%| F|  |TAMS 0x00000000a3100000| PB 0x00000000a3100000| Untracked 
| 562|0x00000000a3200000, 0x00000000a3200000, 0x00000000a3300000|  0%| F|  |TAMS 0x00000000a3200000| PB 0x00000000a3200000| Untracked 
| 563|0x00000000a3300000, 0x00000000a3300000, 0x00000000a3400000|  0%| F|  |TAMS 0x00000000a3300000| PB 0x00000000a3300000| Untracked 
| 564|0x00000000a3400000, 0x00000000a3400000, 0x00000000a3500000|  0%| F|  |TAMS 0x00000000a3400000| PB 0x00000000a3400000| Untracked 
| 565|0x00000000a3500000, 0x00000000a3500000, 0x00000000a3600000|  0%| F|  |TAMS 0x00000000a3500000| PB 0x00000000a3500000| Untracked 
| 566|0x00000000a3600000, 0x00000000a3600000, 0x00000000a3700000|  0%| F|  |TAMS 0x00000000a3600000| PB 0x00000000a3600000| Untracked 
| 567|0x00000000a3700000, 0x00000000a3700000, 0x00000000a3800000|  0%| F|  |TAMS 0x00000000a3700000| PB 0x00000000a3700000| Untracked 
| 568|0x00000000a3800000, 0x00000000a3800000, 0x00000000a3900000|  0%| F|  |TAMS 0x00000000a3800000| PB 0x00000000a3800000| Untracked 
| 569|0x00000000a3900000, 0x00000000a3900000, 0x00000000a3a00000|  0%| F|  |TAMS 0x00000000a3900000| PB 0x00000000a3900000| Untracked 
| 570|0x00000000a3a00000, 0x00000000a3a00000, 0x00000000a3b00000|  0%| F|  |TAMS 0x00000000a3a00000| PB 0x00000000a3a00000| Untracked 
| 571|0x00000000a3b00000, 0x00000000a3b00000, 0x00000000a3c00000|  0%| F|  |TAMS 0x00000000a3b00000| PB 0x00000000a3b00000| Untracked 
| 572|0x00000000a3c00000, 0x00000000a3c00000, 0x00000000a3d00000|  0%| F|  |TAMS 0x00000000a3c00000| PB 0x00000000a3c00000| Untracked 
| 573|0x00000000a3d00000, 0x00000000a3d00000, 0x00000000a3e00000|  0%| F|  |TAMS 0x00000000a3d00000| PB 0x00000000a3d00000| Untracked 
| 574|0x00000000a3e00000, 0x00000000a3e00000, 0x00000000a3f00000|  0%| F|  |TAMS 0x00000000a3e00000| PB 0x00000000a3e00000| Untracked 
| 575|0x00000000a3f00000, 0x00000000a3f00000, 0x00000000a4000000|  0%| F|  |TAMS 0x00000000a3f00000| PB 0x00000000a3f00000| Untracked 
| 576|0x00000000a4000000, 0x00000000a4000000, 0x00000000a4100000|  0%| F|  |TAMS 0x00000000a4000000| PB 0x00000000a4000000| Untracked 
| 577|0x00000000a4100000, 0x00000000a4100000, 0x00000000a4200000|  0%| F|  |TAMS 0x00000000a4100000| PB 0x00000000a4100000| Untracked 
| 578|0x00000000a4200000, 0x00000000a4200000, 0x00000000a4300000|  0%| F|  |TAMS 0x00000000a4200000| PB 0x00000000a4200000| Untracked 
| 579|0x00000000a4300000, 0x00000000a4300000, 0x00000000a4400000|  0%| F|  |TAMS 0x00000000a4300000| PB 0x00000000a4300000| Untracked 
| 580|0x00000000a4400000, 0x00000000a4400000, 0x00000000a4500000|  0%| F|  |TAMS 0x00000000a4400000| PB 0x00000000a4400000| Untracked 
| 581|0x00000000a4500000, 0x00000000a4500000, 0x00000000a4600000|  0%| F|  |TAMS 0x00000000a4500000| PB 0x00000000a4500000| Untracked 
| 582|0x00000000a4600000, 0x00000000a4600000, 0x00000000a4700000|  0%| F|  |TAMS 0x00000000a4600000| PB 0x00000000a4600000| Untracked 
| 583|0x00000000a4700000, 0x00000000a4700000, 0x00000000a4800000|  0%| F|  |TAMS 0x00000000a4700000| PB 0x00000000a4700000| Untracked 
| 584|0x00000000a4800000, 0x00000000a4800000, 0x00000000a4900000|  0%| F|  |TAMS 0x00000000a4800000| PB 0x00000000a4800000| Untracked 
| 585|0x00000000a4900000, 0x00000000a4900000, 0x00000000a4a00000|  0%| F|  |TAMS 0x00000000a4900000| PB 0x00000000a4900000| Untracked 
| 586|0x00000000a4a00000, 0x00000000a4a00000, 0x00000000a4b00000|  0%| F|  |TAMS 0x00000000a4a00000| PB 0x00000000a4a00000| Untracked 
| 587|0x00000000a4b00000, 0x00000000a4b00000, 0x00000000a4c00000|  0%| F|  |TAMS 0x00000000a4b00000| PB 0x00000000a4b00000| Untracked 
| 588|0x00000000a4c00000, 0x00000000a4c00000, 0x00000000a4d00000|  0%| F|  |TAMS 0x00000000a4c00000| PB 0x00000000a4c00000| Untracked 
| 589|0x00000000a4d00000, 0x00000000a4d00000, 0x00000000a4e00000|  0%| F|  |TAMS 0x00000000a4d00000| PB 0x00000000a4d00000| Untracked 
| 590|0x00000000a4e00000, 0x00000000a4e00000, 0x00000000a4f00000|  0%| F|  |TAMS 0x00000000a4e00000| PB 0x00000000a4e00000| Untracked 
| 591|0x00000000a4f00000, 0x00000000a4f00000, 0x00000000a5000000|  0%| F|  |TAMS 0x00000000a4f00000| PB 0x00000000a4f00000| Untracked 
| 592|0x00000000a5000000, 0x00000000a5000000, 0x00000000a5100000|  0%| F|  |TAMS 0x00000000a5000000| PB 0x00000000a5000000| Untracked 
| 593|0x00000000a5100000, 0x00000000a5100000, 0x00000000a5200000|  0%| F|  |TAMS 0x00000000a5100000| PB 0x00000000a5100000| Untracked 
| 594|0x00000000a5200000, 0x00000000a5200000, 0x00000000a5300000|  0%| F|  |TAMS 0x00000000a5200000| PB 0x00000000a5200000| Untracked 
| 595|0x00000000a5300000, 0x00000000a5300000, 0x00000000a5400000|  0%| F|  |TAMS 0x00000000a5300000| PB 0x00000000a5300000| Untracked 
| 596|0x00000000a5400000, 0x00000000a5400000, 0x00000000a5500000|  0%| F|  |TAMS 0x00000000a5400000| PB 0x00000000a5400000| Untracked 
| 597|0x00000000a5500000, 0x00000000a5500000, 0x00000000a5600000|  0%| F|  |TAMS 0x00000000a5500000| PB 0x00000000a5500000| Untracked 
| 598|0x00000000a5600000, 0x00000000a5600000, 0x00000000a5700000|  0%| F|  |TAMS 0x00000000a5600000| PB 0x00000000a5600000| Untracked 
| 599|0x00000000a5700000, 0x00000000a5700000, 0x00000000a5800000|  0%| F|  |TAMS 0x00000000a5700000| PB 0x00000000a5700000| Untracked 
| 600|0x00000000a5800000, 0x00000000a5800000, 0x00000000a5900000|  0%| F|  |TAMS 0x00000000a5800000| PB 0x00000000a5800000| Untracked 
| 601|0x00000000a5900000, 0x00000000a5900000, 0x00000000a5a00000|  0%| F|  |TAMS 0x00000000a5900000| PB 0x00000000a5900000| Untracked 
| 602|0x00000000a5a00000, 0x00000000a5a00000, 0x00000000a5b00000|  0%| F|  |TAMS 0x00000000a5a00000| PB 0x00000000a5a00000| Untracked 
| 603|0x00000000a5b00000, 0x00000000a5b00000, 0x00000000a5c00000|  0%| F|  |TAMS 0x00000000a5b00000| PB 0x00000000a5b00000| Untracked 
| 604|0x00000000a5c00000, 0x00000000a5c00000, 0x00000000a5d00000|  0%| F|  |TAMS 0x00000000a5c00000| PB 0x00000000a5c00000| Untracked 
| 605|0x00000000a5d00000, 0x00000000a5d00000, 0x00000000a5e00000|  0%| F|  |TAMS 0x00000000a5d00000| PB 0x00000000a5d00000| Untracked 
| 606|0x00000000a5e00000, 0x00000000a5e00000, 0x00000000a5f00000|  0%| F|  |TAMS 0x00000000a5e00000| PB 0x00000000a5e00000| Untracked 
| 607|0x00000000a5f00000, 0x00000000a5f00000, 0x00000000a6000000|  0%| F|  |TAMS 0x00000000a5f00000| PB 0x00000000a5f00000| Untracked 
| 608|0x00000000a6000000, 0x00000000a6000000, 0x00000000a6100000|  0%| F|  |TAMS 0x00000000a6000000| PB 0x00000000a6000000| Untracked 
| 609|0x00000000a6100000, 0x00000000a6100000, 0x00000000a6200000|  0%| F|  |TAMS 0x00000000a6100000| PB 0x00000000a6100000| Untracked 
| 610|0x00000000a6200000, 0x00000000a6200000, 0x00000000a6300000|  0%| F|  |TAMS 0x00000000a6200000| PB 0x00000000a6200000| Untracked 
| 611|0x00000000a6300000, 0x00000000a6300000, 0x00000000a6400000|  0%| F|  |TAMS 0x00000000a6300000| PB 0x00000000a6300000| Untracked 
| 612|0x00000000a6400000, 0x00000000a6400000, 0x00000000a6500000|  0%| F|  |TAMS 0x00000000a6400000| PB 0x00000000a6400000| Untracked 
| 613|0x00000000a6500000, 0x00000000a6500000, 0x00000000a6600000|  0%| F|  |TAMS 0x00000000a6500000| PB 0x00000000a6500000| Untracked 
| 614|0x00000000a6600000, 0x00000000a6600000, 0x00000000a6700000|  0%| F|  |TAMS 0x00000000a6600000| PB 0x00000000a6600000| Untracked 
| 615|0x00000000a6700000, 0x00000000a6700000, 0x00000000a6800000|  0%| F|  |TAMS 0x00000000a6700000| PB 0x00000000a6700000| Untracked 
| 616|0x00000000a6800000, 0x00000000a6800000, 0x00000000a6900000|  0%| F|  |TAMS 0x00000000a6800000| PB 0x00000000a6800000| Untracked 
| 617|0x00000000a6900000, 0x00000000a6900000, 0x00000000a6a00000|  0%| F|  |TAMS 0x00000000a6900000| PB 0x00000000a6900000| Untracked 
| 618|0x00000000a6a00000, 0x00000000a6a00000, 0x00000000a6b00000|  0%| F|  |TAMS 0x00000000a6a00000| PB 0x00000000a6a00000| Untracked 
| 619|0x00000000a6b00000, 0x00000000a6b00000, 0x00000000a6c00000|  0%| F|  |TAMS 0x00000000a6b00000| PB 0x00000000a6b00000| Untracked 
| 620|0x00000000a6c00000, 0x00000000a6c00000, 0x00000000a6d00000|  0%| F|  |TAMS 0x00000000a6c00000| PB 0x00000000a6c00000| Untracked 
| 621|0x00000000a6d00000, 0x00000000a6d00000, 0x00000000a6e00000|  0%| F|  |TAMS 0x00000000a6d00000| PB 0x00000000a6d00000| Untracked 
| 622|0x00000000a6e00000, 0x00000000a6e00000, 0x00000000a6f00000|  0%| F|  |TAMS 0x00000000a6e00000| PB 0x00000000a6e00000| Untracked 
| 623|0x00000000a6f00000, 0x00000000a6f00000, 0x00000000a7000000|  0%| F|  |TAMS 0x00000000a6f00000| PB 0x00000000a6f00000| Untracked 
| 624|0x00000000a7000000, 0x00000000a7000000, 0x00000000a7100000|  0%| F|  |TAMS 0x00000000a7000000| PB 0x00000000a7000000| Untracked 
| 625|0x00000000a7100000, 0x00000000a7100000, 0x00000000a7200000|  0%| F|  |TAMS 0x00000000a7100000| PB 0x00000000a7100000| Untracked 
| 626|0x00000000a7200000, 0x00000000a7200000, 0x00000000a7300000|  0%| F|  |TAMS 0x00000000a7200000| PB 0x00000000a7200000| Untracked 
| 627|0x00000000a7300000, 0x00000000a7300000, 0x00000000a7400000|  0%| F|  |TAMS 0x00000000a7300000| PB 0x00000000a7300000| Untracked 
| 628|0x00000000a7400000, 0x00000000a7400000, 0x00000000a7500000|  0%| F|  |TAMS 0x00000000a7400000| PB 0x00000000a7400000| Untracked 
| 629|0x00000000a7500000, 0x00000000a7500000, 0x00000000a7600000|  0%| F|  |TAMS 0x00000000a7500000| PB 0x00000000a7500000| Untracked 
| 630|0x00000000a7600000, 0x00000000a7600000, 0x00000000a7700000|  0%| F|  |TAMS 0x00000000a7600000| PB 0x00000000a7600000| Untracked 
| 631|0x00000000a7700000, 0x00000000a7700000, 0x00000000a7800000|  0%| F|  |TAMS 0x00000000a7700000| PB 0x00000000a7700000| Untracked 
| 632|0x00000000a7800000, 0x00000000a7800000, 0x00000000a7900000|  0%| F|  |TAMS 0x00000000a7800000| PB 0x00000000a7800000| Untracked 
| 633|0x00000000a7900000, 0x00000000a7900000, 0x00000000a7a00000|  0%| F|  |TAMS 0x00000000a7900000| PB 0x00000000a7900000| Untracked 
| 634|0x00000000a7a00000, 0x00000000a7a00000, 0x00000000a7b00000|  0%| F|  |TAMS 0x00000000a7a00000| PB 0x00000000a7a00000| Untracked 
| 635|0x00000000a7b00000, 0x00000000a7b00000, 0x00000000a7c00000|  0%| F|  |TAMS 0x00000000a7b00000| PB 0x00000000a7b00000| Untracked 
| 636|0x00000000a7c00000, 0x00000000a7c00000, 0x00000000a7d00000|  0%| F|  |TAMS 0x00000000a7c00000| PB 0x00000000a7c00000| Untracked 
| 637|0x00000000a7d00000, 0x00000000a7d00000, 0x00000000a7e00000|  0%| F|  |TAMS 0x00000000a7d00000| PB 0x00000000a7d00000| Untracked 
| 638|0x00000000a7e00000, 0x00000000a7e00000, 0x00000000a7f00000|  0%| F|  |TAMS 0x00000000a7e00000| PB 0x00000000a7e00000| Untracked 
| 639|0x00000000a7f00000, 0x00000000a7f00000, 0x00000000a8000000|  0%| F|  |TAMS 0x00000000a7f00000| PB 0x00000000a7f00000| Untracked 
| 640|0x00000000a8000000, 0x00000000a8000000, 0x00000000a8100000|  0%| F|  |TAMS 0x00000000a8000000| PB 0x00000000a8000000| Untracked 
| 641|0x00000000a8100000, 0x00000000a8100000, 0x00000000a8200000|  0%| F|  |TAMS 0x00000000a8100000| PB 0x00000000a8100000| Untracked 
| 642|0x00000000a8200000, 0x00000000a8200000, 0x00000000a8300000|  0%| F|  |TAMS 0x00000000a8200000| PB 0x00000000a8200000| Untracked 
| 643|0x00000000a8300000, 0x00000000a8300000, 0x00000000a8400000|  0%| F|  |TAMS 0x00000000a8300000| PB 0x00000000a8300000| Untracked 
| 644|0x00000000a8400000, 0x00000000a8400000, 0x00000000a8500000|  0%| F|  |TAMS 0x00000000a8400000| PB 0x00000000a8400000| Untracked 
| 645|0x00000000a8500000, 0x00000000a8500000, 0x00000000a8600000|  0%| F|  |TAMS 0x00000000a8500000| PB 0x00000000a8500000| Untracked 
| 646|0x00000000a8600000, 0x00000000a8600000, 0x00000000a8700000|  0%| F|  |TAMS 0x00000000a8600000| PB 0x00000000a8600000| Untracked 
| 647|0x00000000a8700000, 0x00000000a8700000, 0x00000000a8800000|  0%| F|  |TAMS 0x00000000a8700000| PB 0x00000000a8700000| Untracked 
| 648|0x00000000a8800000, 0x00000000a8800000, 0x00000000a8900000|  0%| F|  |TAMS 0x00000000a8800000| PB 0x00000000a8800000| Untracked 
| 649|0x00000000a8900000, 0x00000000a8900000, 0x00000000a8a00000|  0%| F|  |TAMS 0x00000000a8900000| PB 0x00000000a8900000| Untracked 
| 650|0x00000000a8a00000, 0x00000000a8a00000, 0x00000000a8b00000|  0%| F|  |TAMS 0x00000000a8a00000| PB 0x00000000a8a00000| Untracked 
| 651|0x00000000a8b00000, 0x00000000a8b00000, 0x00000000a8c00000|  0%| F|  |TAMS 0x00000000a8b00000| PB 0x00000000a8b00000| Untracked 
| 652|0x00000000a8c00000, 0x00000000a8c00000, 0x00000000a8d00000|  0%| F|  |TAMS 0x00000000a8c00000| PB 0x00000000a8c00000| Untracked 
| 653|0x00000000a8d00000, 0x00000000a8d00000, 0x00000000a8e00000|  0%| F|  |TAMS 0x00000000a8d00000| PB 0x00000000a8d00000| Untracked 
| 654|0x00000000a8e00000, 0x00000000a8e00000, 0x00000000a8f00000|  0%| F|  |TAMS 0x00000000a8e00000| PB 0x00000000a8e00000| Untracked 
| 655|0x00000000a8f00000, 0x00000000a8f00000, 0x00000000a9000000|  0%| F|  |TAMS 0x00000000a8f00000| PB 0x00000000a8f00000| Untracked 
| 656|0x00000000a9000000, 0x00000000a9000000, 0x00000000a9100000|  0%| F|  |TAMS 0x00000000a9000000| PB 0x00000000a9000000| Untracked 
| 657|0x00000000a9100000, 0x00000000a9100000, 0x00000000a9200000|  0%| F|  |TAMS 0x00000000a9100000| PB 0x00000000a9100000| Untracked 
| 658|0x00000000a9200000, 0x00000000a9200000, 0x00000000a9300000|  0%| F|  |TAMS 0x00000000a9200000| PB 0x00000000a9200000| Untracked 
| 659|0x00000000a9300000, 0x00000000a9300000, 0x00000000a9400000|  0%| F|  |TAMS 0x00000000a9300000| PB 0x00000000a9300000| Untracked 
| 660|0x00000000a9400000, 0x00000000a9400000, 0x00000000a9500000|  0%| F|  |TAMS 0x00000000a9400000| PB 0x00000000a9400000| Untracked 
| 661|0x00000000a9500000, 0x00000000a9500000, 0x00000000a9600000|  0%| F|  |TAMS 0x00000000a9500000| PB 0x00000000a9500000| Untracked 
| 662|0x00000000a9600000, 0x00000000a9600000, 0x00000000a9700000|  0%| F|  |TAMS 0x00000000a9600000| PB 0x00000000a9600000| Untracked 
| 663|0x00000000a9700000, 0x00000000a9700000, 0x00000000a9800000|  0%| F|  |TAMS 0x00000000a9700000| PB 0x00000000a9700000| Untracked 
| 664|0x00000000a9800000, 0x00000000a9800000, 0x00000000a9900000|  0%| F|  |TAMS 0x00000000a9800000| PB 0x00000000a9800000| Untracked 
| 665|0x00000000a9900000, 0x00000000a9900000, 0x00000000a9a00000|  0%| F|  |TAMS 0x00000000a9900000| PB 0x00000000a9900000| Untracked 
| 666|0x00000000a9a00000, 0x00000000a9a00000, 0x00000000a9b00000|  0%| F|  |TAMS 0x00000000a9a00000| PB 0x00000000a9a00000| Untracked 
| 667|0x00000000a9b00000, 0x00000000a9b00000, 0x00000000a9c00000|  0%| F|  |TAMS 0x00000000a9b00000| PB 0x00000000a9b00000| Untracked 
| 668|0x00000000a9c00000, 0x00000000a9c00000, 0x00000000a9d00000|  0%| F|  |TAMS 0x00000000a9c00000| PB 0x00000000a9c00000| Untracked 
| 669|0x00000000a9d00000, 0x00000000a9d00000, 0x00000000a9e00000|  0%| F|  |TAMS 0x00000000a9d00000| PB 0x00000000a9d00000| Untracked 
| 670|0x00000000a9e00000, 0x00000000a9e00000, 0x00000000a9f00000|  0%| F|  |TAMS 0x00000000a9e00000| PB 0x00000000a9e00000| Untracked 
| 671|0x00000000a9f00000, 0x00000000a9f00000, 0x00000000aa000000|  0%| F|  |TAMS 0x00000000a9f00000| PB 0x00000000a9f00000| Untracked 
| 672|0x00000000aa000000, 0x00000000aa000000, 0x00000000aa100000|  0%| F|  |TAMS 0x00000000aa000000| PB 0x00000000aa000000| Untracked 
| 673|0x00000000aa100000, 0x00000000aa100000, 0x00000000aa200000|  0%| F|  |TAMS 0x00000000aa100000| PB 0x00000000aa100000| Untracked 
| 674|0x00000000aa200000, 0x00000000aa200000, 0x00000000aa300000|  0%| F|  |TAMS 0x00000000aa200000| PB 0x00000000aa200000| Untracked 
| 675|0x00000000aa300000, 0x00000000aa300000, 0x00000000aa400000|  0%| F|  |TAMS 0x00000000aa300000| PB 0x00000000aa300000| Untracked 
| 676|0x00000000aa400000, 0x00000000aa400000, 0x00000000aa500000|  0%| F|  |TAMS 0x00000000aa400000| PB 0x00000000aa400000| Untracked 
| 677|0x00000000aa500000, 0x00000000aa500000, 0x00000000aa600000|  0%| F|  |TAMS 0x00000000aa500000| PB 0x00000000aa500000| Untracked 
| 678|0x00000000aa600000, 0x00000000aa600000, 0x00000000aa700000|  0%| F|  |TAMS 0x00000000aa600000| PB 0x00000000aa600000| Untracked 
| 679|0x00000000aa700000, 0x00000000aa700000, 0x00000000aa800000|  0%| F|  |TAMS 0x00000000aa700000| PB 0x00000000aa700000| Untracked 
| 680|0x00000000aa800000, 0x00000000aa800000, 0x00000000aa900000|  0%| F|  |TAMS 0x00000000aa800000| PB 0x00000000aa800000| Untracked 
| 681|0x00000000aa900000, 0x00000000aa900000, 0x00000000aaa00000|  0%| F|  |TAMS 0x00000000aa900000| PB 0x00000000aa900000| Untracked 
| 682|0x00000000aaa00000, 0x00000000aaa00000, 0x00000000aab00000|  0%| F|  |TAMS 0x00000000aaa00000| PB 0x00000000aaa00000| Untracked 
| 683|0x00000000aab00000, 0x00000000aab00000, 0x00000000aac00000|  0%| F|  |TAMS 0x00000000aab00000| PB 0x00000000aab00000| Untracked 
| 684|0x00000000aac00000, 0x00000000aac00000, 0x00000000aad00000|  0%| F|  |TAMS 0x00000000aac00000| PB 0x00000000aac00000| Untracked 
| 685|0x00000000aad00000, 0x00000000aad00000, 0x00000000aae00000|  0%| F|  |TAMS 0x00000000aad00000| PB 0x00000000aad00000| Untracked 
| 686|0x00000000aae00000, 0x00000000aae00000, 0x00000000aaf00000|  0%| F|  |TAMS 0x00000000aae00000| PB 0x00000000aae00000| Untracked 
| 687|0x00000000aaf00000, 0x00000000aaf00000, 0x00000000ab000000|  0%| F|  |TAMS 0x00000000aaf00000| PB 0x00000000aaf00000| Untracked 
| 688|0x00000000ab000000, 0x00000000ab000000, 0x00000000ab100000|  0%| F|  |TAMS 0x00000000ab000000| PB 0x00000000ab000000| Untracked 
| 689|0x00000000ab100000, 0x00000000ab100000, 0x00000000ab200000|  0%| F|  |TAMS 0x00000000ab100000| PB 0x00000000ab100000| Untracked 
| 690|0x00000000ab200000, 0x00000000ab200000, 0x00000000ab300000|  0%| F|  |TAMS 0x00000000ab200000| PB 0x00000000ab200000| Untracked 
| 691|0x00000000ab300000, 0x00000000ab300000, 0x00000000ab400000|  0%| F|  |TAMS 0x00000000ab300000| PB 0x00000000ab300000| Untracked 
| 692|0x00000000ab400000, 0x00000000ab400000, 0x00000000ab500000|  0%| F|  |TAMS 0x00000000ab400000| PB 0x00000000ab400000| Untracked 
| 693|0x00000000ab500000, 0x00000000ab500000, 0x00000000ab600000|  0%| F|  |TAMS 0x00000000ab500000| PB 0x00000000ab500000| Untracked 
| 694|0x00000000ab600000, 0x00000000ab600000, 0x00000000ab700000|  0%| F|  |TAMS 0x00000000ab600000| PB 0x00000000ab600000| Untracked 
| 695|0x00000000ab700000, 0x00000000ab700000, 0x00000000ab800000|  0%| F|  |TAMS 0x00000000ab700000| PB 0x00000000ab700000| Untracked 
| 696|0x00000000ab800000, 0x00000000ab800000, 0x00000000ab900000|  0%| F|  |TAMS 0x00000000ab800000| PB 0x00000000ab800000| Untracked 
| 697|0x00000000ab900000, 0x00000000ab900000, 0x00000000aba00000|  0%| F|  |TAMS 0x00000000ab900000| PB 0x00000000ab900000| Untracked 
| 698|0x00000000aba00000, 0x00000000aba00000, 0x00000000abb00000|  0%| F|  |TAMS 0x00000000aba00000| PB 0x00000000aba00000| Untracked 
| 699|0x00000000abb00000, 0x00000000abb00000, 0x00000000abc00000|  0%| F|  |TAMS 0x00000000abb00000| PB 0x00000000abb00000| Untracked 
| 700|0x00000000abc00000, 0x00000000abc00000, 0x00000000abd00000|  0%| F|  |TAMS 0x00000000abc00000| PB 0x00000000abc00000| Untracked 
| 701|0x00000000abd00000, 0x00000000abd00000, 0x00000000abe00000|  0%| F|  |TAMS 0x00000000abd00000| PB 0x00000000abd00000| Untracked 
| 702|0x00000000abe00000, 0x00000000abe00000, 0x00000000abf00000|  0%| F|  |TAMS 0x00000000abe00000| PB 0x00000000abe00000| Untracked 
| 703|0x00000000abf00000, 0x00000000abf00000, 0x00000000ac000000|  0%| F|  |TAMS 0x00000000abf00000| PB 0x00000000abf00000| Untracked 
| 704|0x00000000ac000000, 0x00000000ac000000, 0x00000000ac100000|  0%| F|  |TAMS 0x00000000ac000000| PB 0x00000000ac000000| Untracked 
| 705|0x00000000ac100000, 0x00000000ac100000, 0x00000000ac200000|  0%| F|  |TAMS 0x00000000ac100000| PB 0x00000000ac100000| Untracked 
| 706|0x00000000ac200000, 0x00000000ac200000, 0x00000000ac300000|  0%| F|  |TAMS 0x00000000ac200000| PB 0x00000000ac200000| Untracked 
| 707|0x00000000ac300000, 0x00000000ac300000, 0x00000000ac400000|  0%| F|  |TAMS 0x00000000ac300000| PB 0x00000000ac300000| Untracked 
| 708|0x00000000ac400000, 0x00000000ac400000, 0x00000000ac500000|  0%| F|  |TAMS 0x00000000ac400000| PB 0x00000000ac400000| Untracked 
| 709|0x00000000ac500000, 0x00000000ac500000, 0x00000000ac600000|  0%| F|  |TAMS 0x00000000ac500000| PB 0x00000000ac500000| Untracked 
| 710|0x00000000ac600000, 0x00000000ac600000, 0x00000000ac700000|  0%| F|  |TAMS 0x00000000ac600000| PB 0x00000000ac600000| Untracked 
| 711|0x00000000ac700000, 0x00000000ac700000, 0x00000000ac800000|  0%| F|  |TAMS 0x00000000ac700000| PB 0x00000000ac700000| Untracked 
| 712|0x00000000ac800000, 0x00000000ac800000, 0x00000000ac900000|  0%| F|  |TAMS 0x00000000ac800000| PB 0x00000000ac800000| Untracked 
| 713|0x00000000ac900000, 0x00000000ac900000, 0x00000000aca00000|  0%| F|  |TAMS 0x00000000ac900000| PB 0x00000000ac900000| Untracked 
| 714|0x00000000aca00000, 0x00000000aca00000, 0x00000000acb00000|  0%| F|  |TAMS 0x00000000aca00000| PB 0x00000000aca00000| Untracked 
| 715|0x00000000acb00000, 0x00000000acb00000, 0x00000000acc00000|  0%| F|  |TAMS 0x00000000acb00000| PB 0x00000000acb00000| Untracked 
| 716|0x00000000acc00000, 0x00000000acc00000, 0x00000000acd00000|  0%| F|  |TAMS 0x00000000acc00000| PB 0x00000000acc00000| Untracked 
| 717|0x00000000acd00000, 0x00000000acd00000, 0x00000000ace00000|  0%| F|  |TAMS 0x00000000acd00000| PB 0x00000000acd00000| Untracked 
| 718|0x00000000ace00000, 0x00000000ace00000, 0x00000000acf00000|  0%| F|  |TAMS 0x00000000ace00000| PB 0x00000000ace00000| Untracked 
| 719|0x00000000acf00000, 0x00000000acf00000, 0x00000000ad000000|  0%| F|  |TAMS 0x00000000acf00000| PB 0x00000000acf00000| Untracked 
| 720|0x00000000ad000000, 0x00000000ad000000, 0x00000000ad100000|  0%| F|  |TAMS 0x00000000ad000000| PB 0x00000000ad000000| Untracked 
| 721|0x00000000ad100000, 0x00000000ad100000, 0x00000000ad200000|  0%| F|  |TAMS 0x00000000ad100000| PB 0x00000000ad100000| Untracked 
| 722|0x00000000ad200000, 0x00000000ad200000, 0x00000000ad300000|  0%| F|  |TAMS 0x00000000ad200000| PB 0x00000000ad200000| Untracked 
| 723|0x00000000ad300000, 0x00000000ad300000, 0x00000000ad400000|  0%| F|  |TAMS 0x00000000ad300000| PB 0x00000000ad300000| Untracked 
| 724|0x00000000ad400000, 0x00000000ad400000, 0x00000000ad500000|  0%| F|  |TAMS 0x00000000ad400000| PB 0x00000000ad400000| Untracked 
| 725|0x00000000ad500000, 0x00000000ad500000, 0x00000000ad600000|  0%| F|  |TAMS 0x00000000ad500000| PB 0x00000000ad500000| Untracked 
| 726|0x00000000ad600000, 0x00000000ad600000, 0x00000000ad700000|  0%| F|  |TAMS 0x00000000ad600000| PB 0x00000000ad600000| Untracked 
| 727|0x00000000ad700000, 0x00000000ad700000, 0x00000000ad800000|  0%| F|  |TAMS 0x00000000ad700000| PB 0x00000000ad700000| Untracked 
| 728|0x00000000ad800000, 0x00000000ad800000, 0x00000000ad900000|  0%| F|  |TAMS 0x00000000ad800000| PB 0x00000000ad800000| Untracked 
| 729|0x00000000ad900000, 0x00000000ad900000, 0x00000000ada00000|  0%| F|  |TAMS 0x00000000ad900000| PB 0x00000000ad900000| Untracked 
| 730|0x00000000ada00000, 0x00000000ada00000, 0x00000000adb00000|  0%| F|  |TAMS 0x00000000ada00000| PB 0x00000000ada00000| Untracked 
| 731|0x00000000adb00000, 0x00000000adb00000, 0x00000000adc00000|  0%| F|  |TAMS 0x00000000adb00000| PB 0x00000000adb00000| Untracked 
| 732|0x00000000adc00000, 0x00000000adc00000, 0x00000000add00000|  0%| F|  |TAMS 0x00000000adc00000| PB 0x00000000adc00000| Untracked 
| 733|0x00000000add00000, 0x00000000add00000, 0x00000000ade00000|  0%| F|  |TAMS 0x00000000add00000| PB 0x00000000add00000| Untracked 
| 734|0x00000000ade00000, 0x00000000ade00000, 0x00000000adf00000|  0%| F|  |TAMS 0x00000000ade00000| PB 0x00000000ade00000| Untracked 
| 735|0x00000000adf00000, 0x00000000adf00000, 0x00000000ae000000|  0%| F|  |TAMS 0x00000000adf00000| PB 0x00000000adf00000| Untracked 
| 736|0x00000000ae000000, 0x00000000ae000000, 0x00000000ae100000|  0%| F|  |TAMS 0x00000000ae000000| PB 0x00000000ae000000| Untracked 
| 737|0x00000000ae100000, 0x00000000ae100000, 0x00000000ae200000|  0%| F|  |TAMS 0x00000000ae100000| PB 0x00000000ae100000| Untracked 
| 738|0x00000000ae200000, 0x00000000ae200000, 0x00000000ae300000|  0%| F|  |TAMS 0x00000000ae200000| PB 0x00000000ae200000| Untracked 
| 739|0x00000000ae300000, 0x00000000ae300000, 0x00000000ae400000|  0%| F|  |TAMS 0x00000000ae300000| PB 0x00000000ae300000| Untracked 
| 740|0x00000000ae400000, 0x00000000ae400000, 0x00000000ae500000|  0%| F|  |TAMS 0x00000000ae400000| PB 0x00000000ae400000| Untracked 
| 741|0x00000000ae500000, 0x00000000ae500000, 0x00000000ae600000|  0%| F|  |TAMS 0x00000000ae500000| PB 0x00000000ae500000| Untracked 
| 742|0x00000000ae600000, 0x00000000ae600000, 0x00000000ae700000|  0%| F|  |TAMS 0x00000000ae600000| PB 0x00000000ae600000| Untracked 
| 743|0x00000000ae700000, 0x00000000ae700000, 0x00000000ae800000|  0%| F|  |TAMS 0x00000000ae700000| PB 0x00000000ae700000| Untracked 
| 744|0x00000000ae800000, 0x00000000ae800000, 0x00000000ae900000|  0%| F|  |TAMS 0x00000000ae800000| PB 0x00000000ae800000| Untracked 
| 745|0x00000000ae900000, 0x00000000ae900000, 0x00000000aea00000|  0%| F|  |TAMS 0x00000000ae900000| PB 0x00000000ae900000| Untracked 
| 746|0x00000000aea00000, 0x00000000aea00000, 0x00000000aeb00000|  0%| F|  |TAMS 0x00000000aea00000| PB 0x00000000aea00000| Untracked 
| 747|0x00000000aeb00000, 0x00000000aeb00000, 0x00000000aec00000|  0%| F|  |TAMS 0x00000000aeb00000| PB 0x00000000aeb00000| Untracked 
| 748|0x00000000aec00000, 0x00000000aec00000, 0x00000000aed00000|  0%| F|  |TAMS 0x00000000aec00000| PB 0x00000000aec00000| Untracked 
| 749|0x00000000aed00000, 0x00000000aed00000, 0x00000000aee00000|  0%| F|  |TAMS 0x00000000aed00000| PB 0x00000000aed00000| Untracked 
| 750|0x00000000aee00000, 0x00000000aee00000, 0x00000000aef00000|  0%| F|  |TAMS 0x00000000aee00000| PB 0x00000000aee00000| Untracked 
| 751|0x00000000aef00000, 0x00000000aef00000, 0x00000000af000000|  0%| F|  |TAMS 0x00000000aef00000| PB 0x00000000aef00000| Untracked 
| 752|0x00000000af000000, 0x00000000af000000, 0x00000000af100000|  0%| F|  |TAMS 0x00000000af000000| PB 0x00000000af000000| Untracked 
| 753|0x00000000af100000, 0x00000000af100000, 0x00000000af200000|  0%| F|  |TAMS 0x00000000af100000| PB 0x00000000af100000| Untracked 
| 754|0x00000000af200000, 0x00000000af200000, 0x00000000af300000|  0%| F|  |TAMS 0x00000000af200000| PB 0x00000000af200000| Untracked 
| 755|0x00000000af300000, 0x00000000af300000, 0x00000000af400000|  0%| F|  |TAMS 0x00000000af300000| PB 0x00000000af300000| Untracked 
| 756|0x00000000af400000, 0x00000000af400000, 0x00000000af500000|  0%| F|  |TAMS 0x00000000af400000| PB 0x00000000af400000| Untracked 
| 757|0x00000000af500000, 0x00000000af500000, 0x00000000af600000|  0%| F|  |TAMS 0x00000000af500000| PB 0x00000000af500000| Untracked 
| 758|0x00000000af600000, 0x00000000af600000, 0x00000000af700000|  0%| F|  |TAMS 0x00000000af600000| PB 0x00000000af600000| Untracked 
| 759|0x00000000af700000, 0x00000000af700000, 0x00000000af800000|  0%| F|  |TAMS 0x00000000af700000| PB 0x00000000af700000| Untracked 
| 760|0x00000000af800000, 0x00000000af800000, 0x00000000af900000|  0%| F|  |TAMS 0x00000000af800000| PB 0x00000000af800000| Untracked 
| 761|0x00000000af900000, 0x00000000af900000, 0x00000000afa00000|  0%| F|  |TAMS 0x00000000af900000| PB 0x00000000af900000| Untracked 
| 762|0x00000000afa00000, 0x00000000afa00000, 0x00000000afb00000|  0%| F|  |TAMS 0x00000000afa00000| PB 0x00000000afa00000| Untracked 
| 763|0x00000000afb00000, 0x00000000afb00000, 0x00000000afc00000|  0%| F|  |TAMS 0x00000000afb00000| PB 0x00000000afb00000| Untracked 
| 764|0x00000000afc00000, 0x00000000afc00000, 0x00000000afd00000|  0%| F|  |TAMS 0x00000000afc00000| PB 0x00000000afc00000| Untracked 
| 765|0x00000000afd00000, 0x00000000afd00000, 0x00000000afe00000|  0%| F|  |TAMS 0x00000000afd00000| PB 0x00000000afd00000| Untracked 
| 766|0x00000000afe00000, 0x00000000afe00000, 0x00000000aff00000|  0%| F|  |TAMS 0x00000000afe00000| PB 0x00000000afe00000| Untracked 
| 767|0x00000000aff00000, 0x00000000aff00000, 0x00000000b0000000|  0%| F|  |TAMS 0x00000000aff00000| PB 0x00000000aff00000| Untracked 
| 768|0x00000000b0000000, 0x00000000b0000000, 0x00000000b0100000|  0%| F|  |TAMS 0x00000000b0000000| PB 0x00000000b0000000| Untracked 
| 769|0x00000000b0100000, 0x00000000b0100000, 0x00000000b0200000|  0%| F|  |TAMS 0x00000000b0100000| PB 0x00000000b0100000| Untracked 
| 770|0x00000000b0200000, 0x00000000b0200000, 0x00000000b0300000|  0%| F|  |TAMS 0x00000000b0200000| PB 0x00000000b0200000| Untracked 
| 771|0x00000000b0300000, 0x00000000b0300000, 0x00000000b0400000|  0%| F|  |TAMS 0x00000000b0300000| PB 0x00000000b0300000| Untracked 
| 772|0x00000000b0400000, 0x00000000b0400000, 0x00000000b0500000|  0%| F|  |TAMS 0x00000000b0400000| PB 0x00000000b0400000| Untracked 
| 773|0x00000000b0500000, 0x00000000b0500000, 0x00000000b0600000|  0%| F|  |TAMS 0x00000000b0500000| PB 0x00000000b0500000| Untracked 
| 774|0x00000000b0600000, 0x00000000b0600000, 0x00000000b0700000|  0%| F|  |TAMS 0x00000000b0600000| PB 0x00000000b0600000| Untracked 
| 775|0x00000000b0700000, 0x00000000b0700000, 0x00000000b0800000|  0%| F|  |TAMS 0x00000000b0700000| PB 0x00000000b0700000| Untracked 
| 776|0x00000000b0800000, 0x00000000b0800000, 0x00000000b0900000|  0%| F|  |TAMS 0x00000000b0800000| PB 0x00000000b0800000| Untracked 
| 777|0x00000000b0900000, 0x00000000b0900000, 0x00000000b0a00000|  0%| F|  |TAMS 0x00000000b0900000| PB 0x00000000b0900000| Untracked 
| 778|0x00000000b0a00000, 0x00000000b0a00000, 0x00000000b0b00000|  0%| F|  |TAMS 0x00000000b0a00000| PB 0x00000000b0a00000| Untracked 
| 779|0x00000000b0b00000, 0x00000000b0b00000, 0x00000000b0c00000|  0%| F|  |TAMS 0x00000000b0b00000| PB 0x00000000b0b00000| Untracked 
| 780|0x00000000b0c00000, 0x00000000b0c00000, 0x00000000b0d00000|  0%| F|  |TAMS 0x00000000b0c00000| PB 0x00000000b0c00000| Untracked 
| 781|0x00000000b0d00000, 0x00000000b0d00000, 0x00000000b0e00000|  0%| F|  |TAMS 0x00000000b0d00000| PB 0x00000000b0d00000| Untracked 
| 782|0x00000000b0e00000, 0x00000000b0e00000, 0x00000000b0f00000|  0%| F|  |TAMS 0x00000000b0e00000| PB 0x00000000b0e00000| Untracked 
| 783|0x00000000b0f00000, 0x00000000b0f00000, 0x00000000b1000000|  0%| F|  |TAMS 0x00000000b0f00000| PB 0x00000000b0f00000| Untracked 
| 784|0x00000000b1000000, 0x00000000b1000000, 0x00000000b1100000|  0%| F|  |TAMS 0x00000000b1000000| PB 0x00000000b1000000| Untracked 
| 785|0x00000000b1100000, 0x00000000b1100000, 0x00000000b1200000|  0%| F|  |TAMS 0x00000000b1100000| PB 0x00000000b1100000| Untracked 
| 786|0x00000000b1200000, 0x00000000b1200000, 0x00000000b1300000|  0%| F|  |TAMS 0x00000000b1200000| PB 0x00000000b1200000| Untracked 
| 787|0x00000000b1300000, 0x00000000b1300000, 0x00000000b1400000|  0%| F|  |TAMS 0x00000000b1300000| PB 0x00000000b1300000| Untracked 
| 788|0x00000000b1400000, 0x00000000b1400000, 0x00000000b1500000|  0%| F|  |TAMS 0x00000000b1400000| PB 0x00000000b1400000| Untracked 
| 789|0x00000000b1500000, 0x00000000b1500000, 0x00000000b1600000|  0%| F|  |TAMS 0x00000000b1500000| PB 0x00000000b1500000| Untracked 
| 790|0x00000000b1600000, 0x00000000b16cf440, 0x00000000b1700000| 80%| S|CS|TAMS 0x00000000b1600000| PB 0x00000000b1600000| Complete 
| 791|0x00000000b1700000, 0x00000000b1800000, 0x00000000b1800000|100%| S|CS|TAMS 0x00000000b1700000| PB 0x00000000b1700000| Complete 
| 792|0x00000000b1800000, 0x00000000b1900000, 0x00000000b1900000|100%| S|CS|TAMS 0x00000000b1800000| PB 0x00000000b1800000| Complete 
| 793|0x00000000b1900000, 0x00000000b1a00000, 0x00000000b1a00000|100%| S|CS|TAMS 0x00000000b1900000| PB 0x00000000b1900000| Complete 
| 794|0x00000000b1a00000, 0x00000000b1a00000, 0x00000000b1b00000|  0%| F|  |TAMS 0x00000000b1a00000| PB 0x00000000b1a00000| Untracked 
| 795|0x00000000b1b00000, 0x00000000b1b00000, 0x00000000b1c00000|  0%| F|  |TAMS 0x00000000b1b00000| PB 0x00000000b1b00000| Untracked 
| 796|0x00000000b1c00000, 0x00000000b1c00000, 0x00000000b1d00000|  0%| F|  |TAMS 0x00000000b1c00000| PB 0x00000000b1c00000| Untracked 
| 797|0x00000000b1d00000, 0x00000000b1d00000, 0x00000000b1e00000|  0%| F|  |TAMS 0x00000000b1d00000| PB 0x00000000b1d00000| Untracked 
| 798|0x00000000b1e00000, 0x00000000b1e00000, 0x00000000b1f00000|  0%| F|  |TAMS 0x00000000b1e00000| PB 0x00000000b1e00000| Untracked 
| 799|0x00000000b1f00000, 0x00000000b1f00000, 0x00000000b2000000|  0%| F|  |TAMS 0x00000000b1f00000| PB 0x00000000b1f00000| Untracked 
| 800|0x00000000b2000000, 0x00000000b2000000, 0x00000000b2100000|  0%| F|  |TAMS 0x00000000b2000000| PB 0x00000000b2000000| Untracked 
| 801|0x00000000b2100000, 0x00000000b2100000, 0x00000000b2200000|  0%| F|  |TAMS 0x00000000b2100000| PB 0x00000000b2100000| Untracked 
| 802|0x00000000b2200000, 0x00000000b2200000, 0x00000000b2300000|  0%| F|  |TAMS 0x00000000b2200000| PB 0x00000000b2200000| Untracked 
| 803|0x00000000b2300000, 0x00000000b2300000, 0x00000000b2400000|  0%| F|  |TAMS 0x00000000b2300000| PB 0x00000000b2300000| Untracked 
| 804|0x00000000b2400000, 0x00000000b2400000, 0x00000000b2500000|  0%| F|  |TAMS 0x00000000b2400000| PB 0x00000000b2400000| Untracked 
| 805|0x00000000b2500000, 0x00000000b2500000, 0x00000000b2600000|  0%| F|  |TAMS 0x00000000b2500000| PB 0x00000000b2500000| Untracked 
| 984|0x00000000bd800000, 0x00000000bd800000, 0x00000000bd900000|  0%| F|  |TAMS 0x00000000bd800000| PB 0x00000000bd800000| Untracked 
| 985|0x00000000bd900000, 0x00000000bd900000, 0x00000000bda00000|  0%| F|  |TAMS 0x00000000bd900000| PB 0x00000000bd900000| Untracked 
| 986|0x00000000bda00000, 0x00000000bda00000, 0x00000000bdb00000|  0%| F|  |TAMS 0x00000000bda00000| PB 0x00000000bda00000| Untracked 
| 987|0x00000000bdb00000, 0x00000000bdb00000, 0x00000000bdc00000|  0%| F|  |TAMS 0x00000000bdb00000| PB 0x00000000bdb00000| Untracked 
| 988|0x00000000bdc00000, 0x00000000bdc00000, 0x00000000bdd00000|  0%| F|  |TAMS 0x00000000bdc00000| PB 0x00000000bdc00000| Untracked 
| 990|0x00000000bde00000, 0x00000000bde00000, 0x00000000bdf00000|  0%| F|  |TAMS 0x00000000bde00000| PB 0x00000000bde00000| Untracked 
| 991|0x00000000bdf00000, 0x00000000bdf00000, 0x00000000be000000|  0%| F|  |TAMS 0x00000000bdf00000| PB 0x00000000bdf00000| Untracked 
|1014|0x00000000bf600000, 0x00000000bf600000, 0x00000000bf700000|  0%| F|  |TAMS 0x00000000bf600000| PB 0x00000000bf600000| Untracked 
|1015|0x00000000bf700000, 0x00000000bf700000, 0x00000000bf800000|  0%| F|  |TAMS 0x00000000bf700000| PB 0x00000000bf700000| Untracked 
|1016|0x00000000bf800000, 0x00000000bf800000, 0x00000000bf900000|  0%| F|  |TAMS 0x00000000bf800000| PB 0x00000000bf800000| Untracked 
|1017|0x00000000bf900000, 0x00000000bf900000, 0x00000000bfa00000|  0%| F|  |TAMS 0x00000000bf900000| PB 0x00000000bf900000| Untracked 
|1018|0x00000000bfa00000, 0x00000000bfa00000, 0x00000000bfb00000|  0%| F|  |TAMS 0x00000000bfa00000| PB 0x00000000bfa00000| Untracked 
|1019|0x00000000bfb00000, 0x00000000bfb00000, 0x00000000bfc00000|  0%| F|  |TAMS 0x00000000bfb00000| PB 0x00000000bfb00000| Untracked 
|1020|0x00000000bfc00000, 0x00000000bfc00000, 0x00000000bfd00000|  0%| F|  |TAMS 0x00000000bfc00000| PB 0x00000000bfc00000| Untracked 
|1021|0x00000000bfd00000, 0x00000000bfd00000, 0x00000000bfe00000|  0%| F|  |TAMS 0x00000000bfd00000| PB 0x00000000bfd00000| Untracked 
|1022|0x00000000bfe00000, 0x00000000bfe00000, 0x00000000bff00000|  0%| F|  |TAMS 0x00000000bfe00000| PB 0x00000000bfe00000| Untracked 
|1023|0x00000000bff00000, 0x00000000bff00000, 0x00000000c0000000|  0%| F|  |TAMS 0x00000000bff00000| PB 0x00000000bff00000| Untracked 
|1024|0x00000000c0000000, 0x00000000c0000000, 0x00000000c0100000|  0%| F|  |TAMS 0x00000000c0000000| PB 0x00000000c0000000| Untracked 
|2020|0x00000000fe400000, 0x00000000fe500000, 0x00000000fe500000|100%| O|  |TAMS 0x00000000fe500000| PB 0x00000000fe400000| Updating 
|2029|0x00000000fed00000, 0x00000000fed00000, 0x00000000fee00000|  0%| F|  |TAMS 0x00000000fed00000| PB 0x00000000fed00000| Untracked 
|2030|0x00000000fee00000, 0x00000000fee00000, 0x00000000fef00000|  0%| F|  |TAMS 0x00000000fee00000| PB 0x00000000fee00000| Untracked 
|2031|0x00000000fef00000, 0x00000000ff000000, 0x00000000ff000000|100%| O|  |TAMS 0x00000000ff000000| PB 0x00000000fef00000| Untracked 
|2032|0x00000000ff000000, 0x00000000ff000000, 0x00000000ff100000|  0%| F|  |TAMS 0x00000000ff000000| PB 0x00000000ff000000| Untracked 
|2033|0x00000000ff100000, 0x00000000ff100000, 0x00000000ff200000|  0%| F|  |TAMS 0x00000000ff100000| PB 0x00000000ff100000| Untracked 
|2034|0x00000000ff200000, 0x00000000ff200000, 0x00000000ff300000|  0%| F|  |TAMS 0x00000000ff200000| PB 0x00000000ff200000| Untracked 
|2035|0x00000000ff300000, 0x00000000ff400000, 0x00000000ff400000|100%| O|  |TAMS 0x00000000ff400000| PB 0x00000000ff300000| Updating 
|2036|0x00000000ff400000, 0x00000000ff400000, 0x00000000ff500000|  0%| F|  |TAMS 0x00000000ff400000| PB 0x00000000ff400000| Untracked 
|2037|0x00000000ff500000, 0x00000000ff500000, 0x00000000ff600000|  0%| F|  |TAMS 0x00000000ff500000| PB 0x00000000ff500000| Untracked 
|2038|0x00000000ff600000, 0x00000000ff700000, 0x00000000ff700000|100%| O|  |TAMS 0x00000000ff700000| PB 0x00000000ff600000| Untracked 
|2039|0x00000000ff700000, 0x00000000ff800000, 0x00000000ff800000|100%| O|  |TAMS 0x00000000ff800000| PB 0x00000000ff700000| Untracked 
|2040|0x00000000ff800000, 0x00000000ff900000, 0x00000000ff900000|100%| O|  |TAMS 0x00000000ff900000| PB 0x00000000ff800000| Untracked 
|2041|0x00000000ff900000, 0x00000000ffa00000, 0x00000000ffa00000|100%| O|  |TAMS 0x00000000ffa00000| PB 0x00000000ff900000| Untracked 
|2042|0x00000000ffa00000, 0x00000000ffa00000, 0x00000000ffb00000|  0%| F|  |TAMS 0x00000000ffa00000| PB 0x00000000ffa00000| Untracked 
|2043|0x00000000ffb00000, 0x00000000ffb00000, 0x00000000ffc00000|  0%| F|  |TAMS 0x00000000ffb00000| PB 0x00000000ffb00000| Untracked 
|2044|0x00000000ffc00000, 0x00000000ffc00000, 0x00000000ffd00000|  0%| F|  |TAMS 0x00000000ffc00000| PB 0x00000000ffc00000| Untracked 
|2045|0x00000000ffd00000, 0x00000000ffe00000, 0x00000000ffe00000|100%| O|  |TAMS 0x00000000ffe00000| PB 0x00000000ffd00000| Updating 
|2046|0x00000000ffe00000, 0x00000000ffe00000, 0x00000000fff00000|  0%| F|  |TAMS 0x00000000ffe00000| PB 0x00000000ffe00000| Untracked 
|2047|0x00000000fff00000, 0x00000000fff00000, 0x0000000100000000|  0%| F|  |TAMS 0x00000000fff00000| PB 0x00000000fff00000| Untracked 

Card table byte_map: [0x0000028654e60000,0x0000028655260000] _byte_map_base: 0x0000028654a60000

Marking Bits: (CMBitMap*) 0x00000286426332f0
 Bits: [0x0000028655260000, 0x0000028657260000)

Polling page: 0x0000028641d00000

Metaspace:

Usage:
  Non-class:    184.81 MB used.
      Class:     26.13 MB used.
       Both:    210.95 MB used.

Virtual space:
  Non-class space:      192.00 MB reserved,     185.69 MB ( 97%) committed,  3 nodes.
      Class space:        1.00 GB reserved,      27.56 MB (  3%) committed,  1 nodes.
             Both:        1.19 GB reserved,     213.25 MB ( 18%) committed. 

Chunk freelists:
   Non-Class:  6.28 MB
       Class:  5.17 MB
        Both:  11.44 MB

MaxMetaspaceSize: unlimited
CompressedClassSpaceSize: 1.00 GB
Initial GC threshold: 21.00 MB
Current GC threshold: 355.44 MB
CDS: off
 - commit_granule_bytes: 65536.
 - commit_granule_words: 8192.
 - virtual_space_node_default_size: 8388608.
 - enlarge_chunks_in_place: 1.
 - use_allocation_guard: 0.


Internal statistics:

num_allocs_failed_limit: 3.
num_arena_births: 5708.
num_arena_deaths: 3622.
num_vsnodes_births: 4.
num_vsnodes_deaths: 0.
num_space_committed: 3405.
num_space_uncommitted: 2.
num_chunks_returned_to_freelist: 4260.
num_chunks_taken_from_freelist: 15211.
num_chunk_merges: 1679.
num_chunk_splits: 9946.
num_chunks_enlarged: 6926.
num_inconsistent_stats: 0.

CodeHeap 'non-profiled nmethods': size=120000Kb used=17545Kb max_used=18146Kb free=102454Kb
 bounds [0x000002864d200000, 0x000002864e3c0000, 0x0000028654730000]
CodeHeap 'profiled nmethods': size=120000Kb used=45685Kb max_used=47233Kb free=74314Kb
 bounds [0x0000028645730000, 0x0000028648560000, 0x000002864cc60000]
CodeHeap 'non-nmethods': size=5760Kb used=3307Kb max_used=3395Kb free=2452Kb
 bounds [0x000002864cc60000, 0x000002864cfc0000, 0x000002864d200000]
 total_blobs=23148 nmethods=21840 adapters=1209
 compilation: enabled
              stopped_count=0, restarted_count=0
 full_count=0

Compilation events (20 events):
Event: 3896.067 Thread 0x000002865e0539a0 29813       4       java.lang.Integer::parseInt (7 bytes)
Event: 3896.296 Thread 0x000002865e0539a0 nmethod 29813 0x000002864d753290 code [0x000002864d753480, 0x000002864d753840]
Event: 3904.512 Thread 0x000002865e075cf0 29814       3       com.android.ide.common.symbols.SymbolListWithPackageNameWriter::symbol (51 bytes)
Event: 3904.514 Thread 0x000002865e0539a0 29815       4       java.lang.String::subSequence (7 bytes)
Event: 3904.706 Thread 0x000002865e075cf0 nmethod 29814 0x00000286463d8c90 code [0x00000286463d8f60, 0x00000286463d9c80]
Event: 3904.709 Thread 0x000002865e075cf0 29818       3       java.lang.invoke.MethodHandleImpl$AsVarargsCollector::<init> (11 bytes)
Event: 3904.797 Thread 0x000002865e0539a0 nmethod 29815 0x000002864da0ad90 code [0x000002864da0af60, 0x000002864da0b6c0]
Event: 3904.799 Thread 0x000002865e0539a0 29816       4       java.io.BufferedReader::implReadLine (301 bytes)
Event: 3904.918 Thread 0x000002865e075cf0 nmethod 29818 0x0000028645a83410 code [0x0000028645a83600, 0x0000028645a83c08]
Event: 3904.996 Thread 0x000002865e075cf0 29819       3       com.android.ide.common.symbols.SymbolListWithPackageNameWriter::child (26 bytes)
Event: 3905.005 Thread 0x000002865e075cf0 nmethod 29819 0x000002864640af10 code [0x000002864640b160, 0x000002864640b888]
Event: 3905.005 Thread 0x000002865e075cf0 29817       3       java.lang.invoke.MethodHandleImpl::makeVarargsCollector (47 bytes)
Event: 3905.034 Thread 0x000002865e075cf0 nmethod 29817 0x0000028645731610 code [0x0000028645731880, 0x0000028645732438]
Event: 3905.086 Thread 0x000002865e075cf0 29821   !   3       java.util.concurrent.ConcurrentHashMap::clear (176 bytes)
Event: 3905.148 Thread 0x000002865e075cf0 nmethod 29821 0x00000286457a3290 code [0x00000286457a34c0, 0x00000286457a3d60]
Event: 3905.222 Thread 0x000002865e0539a0 nmethod 29816 0x000002864dda9f90 code [0x000002864ddaa1c0, 0x000002864ddab1e8]
Event: 3905.222 Thread 0x000002865e0539a0 29820   !   4       java.util.concurrent.ConcurrentHashMap::replaceNode (437 bytes)
Event: 3905.475 Thread 0x000002865e0539a0 nmethod 29820 0x000002864dfad290 code [0x000002864dfad480, 0x000002864dfae448]
Event: 3905.553 Thread 0x000002865e0539a0 29822       4       java.util.stream.ReferencePipeline::flatMap (30 bytes)
Event: 3905.720 Thread 0x000002865e0539a0 nmethod 29822 0x000002864d4c7290 code [0x000002864d4c7440, 0x000002864d4c7888]

GC Heap History (20 events):
Event: 3555.308 GC heap after
{Heap after GC invocations=87 (full 0):
 garbage-first heap   total 398336K, used 272847K [0x0000000080000000, 0x0000000100000000)
  region size 1024K, 8 young (8192K), 8 survivors (8192K)
 Metaspace       used 207679K, committed 213376K, reserved 1245184K
  class space    used 25900K, committed 28160K, reserved 1048576K
}
Event: 3556.356 GC heap before
{Heap before GC invocations=87 (full 0):
 garbage-first heap   total 398336K, used 320975K [0x0000000080000000, 0x0000000100000000)
  region size 1024K, 54 young (55296K), 8 survivors (8192K)
 Metaspace       used 209409K, committed 214208K, reserved 1245184K
  class space    used 26015K, committed 28160K, reserved 1048576K
}
Event: 3556.465 GC heap after
{Heap after GC invocations=88 (full 0):
 garbage-first heap   total 398336K, used 277321K [0x0000000080000000, 0x0000000100000000)
  region size 1024K, 7 young (7168K), 7 survivors (7168K)
 Metaspace       used 209409K, committed 214208K, reserved 1245184K
  class space    used 26015K, committed 28160K, reserved 1048576K
}
Event: 3557.207 GC heap before
{Heap before GC invocations=88 (full 0):
 garbage-first heap   total 398336K, used 336713K [0x0000000080000000, 0x0000000100000000)
  region size 1024K, 66 young (67584K), 7 survivors (7168K)
 Metaspace       used 211424K, committed 214592K, reserved 1245184K
  class space    used 26228K, committed 28160K, reserved 1048576K
}
Event: 3557.446 GC heap after
{Heap after GC invocations=89 (full 0):
 garbage-first heap   total 1078272K, used 281871K [0x0000000080000000, 0x0000000100000000)
  region size 1024K, 7 young (7168K), 7 survivors (7168K)
 Metaspace       used 211424K, committed 214592K, reserved 1245184K
  class space    used 26228K, committed 28160K, reserved 1048576K
}
Event: 3562.055 GC heap before
{Heap before GC invocations=89 (full 0):
 garbage-first heap   total 1078272K, used 327951K [0x0000000080000000, 0x0000000100000000)
  region size 1024K, 52 young (53248K), 7 survivors (7168K)
 Metaspace       used 212082K, committed 215104K, reserved 1245184K
  class space    used 26287K, committed 28224K, reserved 1048576K
}
Event: 3562.124 GC heap after
{Heap after GC invocations=90 (full 0):
 garbage-first heap   total 1078272K, used 275457K [0x0000000080000000, 0x0000000100000000)
  region size 1024K, 2 young (2048K), 2 survivors (2048K)
 Metaspace       used 212082K, committed 215104K, reserved 1245184K
  class space    used 26287K, committed 28224K, reserved 1048576K
}
Event: 3581.904 GC heap before
{Heap before GC invocations=90 (full 0):
 garbage-first heap   total 1078272K, used 356353K [0x0000000080000000, 0x0000000100000000)
  region size 1024K, 82 young (83968K), 2 survivors (2048K)
 Metaspace       used 214343K, committed 216704K, reserved 1245184K
  class space    used 26557K, committed 28224K, reserved 1048576K
}
Event: 3583.702 GC heap after
{Heap after GC invocations=91 (full 0):
 garbage-first heap   total 1078272K, used 279824K [0x0000000080000000, 0x0000000100000000)
  region size 1024K, 7 young (7168K), 7 survivors (7168K)
 Metaspace       used 214343K, committed 216704K, reserved 1245184K
  class space    used 26557K, committed 28224K, reserved 1048576K
}
Event: 3625.767 GC heap before
{Heap before GC invocations=91 (full 0):
 garbage-first heap   total 1078272K, used 324880K [0x0000000080000000, 0x0000000100000000)
  region size 1024K, 52 young (53248K), 7 survivors (7168K)
 Metaspace       used 214473K, committed 216832K, reserved 1245184K
  class space    used 26570K, committed 28224K, reserved 1048576K
}
Event: 3626.502 GC heap after
{Heap after GC invocations=92 (full 0):
 garbage-first heap   total 1078272K, used 280152K [0x0000000080000000, 0x0000000100000000)
  region size 1024K, 4 young (4096K), 4 survivors (4096K)
 Metaspace       used 214473K, committed 216832K, reserved 1245184K
  class space    used 26570K, committed 28224K, reserved 1048576K
}
Event: 3628.628 GC heap before
{Heap before GC invocations=92 (full 0):
 garbage-first heap   total 1078272K, used 328280K [0x0000000080000000, 0x0000000100000000)
  region size 1024K, 52 young (53248K), 4 survivors (4096K)
 Metaspace       used 214488K, committed 216832K, reserved 1245184K
  class space    used 26575K, committed 28224K, reserved 1048576K
}
Event: 3628.838 GC heap after
{Heap after GC invocations=93 (full 0):
 garbage-first heap   total 1078272K, used 278927K [0x0000000080000000, 0x0000000100000000)
  region size 1024K, 4 young (4096K), 4 survivors (4096K)
 Metaspace       used 214488K, committed 216832K, reserved 1245184K
  class space    used 26575K, committed 28224K, reserved 1048576K
}
Event: 3709.024 GC heap before
{Heap before GC invocations=93 (full 0):
 garbage-first heap   total 1078272K, used 327055K [0x0000000080000000, 0x0000000100000000)
  region size 1024K, 52 young (53248K), 4 survivors (4096K)
 Metaspace       used 215522K, committed 217728K, reserved 1245184K
  class space    used 26711K, committed 28224K, reserved 1048576K
}
Event: 3710.081 GC heap after
{Heap after GC invocations=94 (full 0):
 garbage-first heap   total 1078272K, used 280386K [0x0000000080000000, 0x0000000100000000)
  region size 1024K, 5 young (5120K), 5 survivors (5120K)
 Metaspace       used 215522K, committed 217728K, reserved 1245184K
  class space    used 26711K, committed 28224K, reserved 1048576K
}
Event: 3729.209 GC heap before
{Heap before GC invocations=94 (full 0):
 garbage-first heap   total 1078272K, used 327490K [0x0000000080000000, 0x0000000100000000)
  region size 1024K, 52 young (53248K), 5 survivors (5120K)
 Metaspace       used 215921K, committed 218112K, reserved 1245184K
  class space    used 26746K, committed 28224K, reserved 1048576K
}
Event: 3730.712 GC heap after
{Heap after GC invocations=95 (full 0):
 garbage-first heap   total 1078272K, used 283161K [0x0000000080000000, 0x0000000100000000)
  region size 1024K, 7 young (7168K), 7 survivors (7168K)
 Metaspace       used 215921K, committed 218112K, reserved 1245184K
  class space    used 26746K, committed 28224K, reserved 1048576K
}
Event: 3754.292 GC heap before
{Heap before GC invocations=95 (full 0):
 garbage-first heap   total 1078272K, used 329241K [0x0000000080000000, 0x0000000100000000)
  region size 1024K, 52 young (53248K), 7 survivors (7168K)
 Metaspace       used 216054K, committed 218240K, reserved 1245184K
  class space    used 26767K, committed 28224K, reserved 1048576K
}
Event: 3754.753 GC heap after
{Heap after GC invocations=96 (full 0):
 garbage-first heap   total 1078272K, used 288834K [0x0000000080000000, 0x0000000100000000)
  region size 1024K, 7 young (7168K), 7 survivors (7168K)
 Metaspace       used 216054K, committed 218240K, reserved 1245184K
  class space    used 26767K, committed 28224K, reserved 1048576K
}
Event: 3918.515 GC heap before
{Heap before GC invocations=96 (full 0):
 garbage-first heap   total 864256K, used 292930K [0x0000000080000000, 0x0000000100000000)
  region size 1024K, 42 young (43008K), 7 survivors (7168K)
 Metaspace       used 216008K, committed 218368K, reserved 1245184K
  class space    used 26759K, committed 28224K, reserved 1048576K
}

Dll operation events (3 events):
Event: 0.012 Loaded shared library C:\Program Files\Android\Android Studio\jbr\bin\java.dll
Event: 0.018 Loaded shared library C:\Program Files\Android\Android Studio\jbr\bin\zip.dll
Event: 1.154 Loaded shared library C:\Program Files\Android\Android Studio\jbr\bin\verify.dll

Deoptimization events (20 events):
Event: 3886.604 Thread 0x000002867319f620 Uncommon trap: trap_request=0xffffffde fr.pc=0x000002864e0a8e10 relative=0x00000000000012d0
Event: 3886.604 Thread 0x000002867319f620 Uncommon trap: reason=class_check action=maybe_recompile pc=0x000002864e0a8e10 method=org.gradle.api.internal.changedetection.state.PropertiesFileAwareClasspathResourceHasher.matchesAnyFilters(Ljava/util/function/Supplier;)Z @ 4 c2
Event: 3886.604 Thread 0x000002867319f620 DEOPT PACKING pc=0x000002864e0a8e10 sp=0x0000009d8c9fc350
Event: 3886.604 Thread 0x000002867319f620 DEOPT UNPACKING pc=0x000002864ccb46a2 sp=0x0000009d8c9fc1b0 mode 2
Event: 3886.606 Thread 0x000002867319f620 Uncommon trap: trap_request=0xffffffde fr.pc=0x000002864e0a8e10 relative=0x00000000000012d0
Event: 3886.606 Thread 0x000002867319f620 Uncommon trap: reason=class_check action=maybe_recompile pc=0x000002864e0a8e10 method=org.gradle.api.internal.changedetection.state.PropertiesFileAwareClasspathResourceHasher.matchesAnyFilters(Ljava/util/function/Supplier;)Z @ 4 c2
Event: 3886.606 Thread 0x000002867319f620 DEOPT PACKING pc=0x000002864e0a8e10 sp=0x0000009d8c9fc350
Event: 3886.609 Thread 0x000002867319f620 DEOPT UNPACKING pc=0x000002864ccb46a2 sp=0x0000009d8c9fc1b0 mode 2
Event: 3890.823 Thread 0x0000028660991f50 Uncommon trap: trap_request=0xffffffc6 fr.pc=0x000002864d8574a0 relative=0x00000000000006e0
Event: 3890.827 Thread 0x0000028660991f50 Uncommon trap: reason=bimorphic_or_optimized_type_check action=maybe_recompile pc=0x000002864d8574a0 method=java.nio.charset.CharsetEncoder.encode(Ljava/nio/CharBuffer;Ljava/nio/ByteBuffer;Z)Ljava/nio/charset/CoderResult; @ 57 c2
Event: 3890.828 Thread 0x0000028660991f50 DEOPT PACKING pc=0x000002864d8574a0 sp=0x0000009d8cbfda70
Event: 3890.864 Thread 0x0000028660991f50 DEOPT UNPACKING pc=0x000002864ccb46a2 sp=0x0000009d8cbfda38 mode 2
Event: 3890.866 Thread 0x0000028660991f50 Uncommon trap: trap_request=0xffffff45 fr.pc=0x000002864e34ad28 relative=0x0000000000000088
Event: 3890.866 Thread 0x0000028660991f50 Uncommon trap: reason=unstable_if action=reinterpret pc=0x000002864e34ad28 method=java.nio.CharBuffer.hasArray()Z @ 4 c2
Event: 3890.867 Thread 0x0000028660991f50 DEOPT PACKING pc=0x000002864e34ad28 sp=0x0000009d8cbfd9e0
Event: 3890.867 Thread 0x0000028660991f50 DEOPT UNPACKING pc=0x000002864ccb46a2 sp=0x0000009d8cbfd970 mode 2
Event: 3890.919 Thread 0x0000028660991f50 Uncommon trap: trap_request=0xffffffc6 fr.pc=0x000002864d8574a0 relative=0x00000000000006e0
Event: 3890.919 Thread 0x0000028660991f50 Uncommon trap: reason=bimorphic_or_optimized_type_check action=maybe_recompile pc=0x000002864d8574a0 method=java.nio.charset.CharsetEncoder.encode(Ljava/nio/CharBuffer;Ljava/nio/ByteBuffer;Z)Ljava/nio/charset/CoderResult; @ 57 c2
Event: 3890.919 Thread 0x0000028660991f50 DEOPT PACKING pc=0x000002864d8574a0 sp=0x0000009d8cbfda60
Event: 3890.919 Thread 0x0000028660991f50 DEOPT UNPACKING pc=0x000002864ccb46a2 sp=0x0000009d8cbfda28 mode 2

Classes loaded (20 events):
Event: 3724.899 Loading class java/lang/ProcessHandleImpl
Event: 3727.728 Loading class java/lang/ProcessHandleImpl done
Event: 3731.063 Loading class java/lang/ProcessImpl$2
Event: 3731.311 Loading class java/lang/ProcessImpl$2 done
Event: 3731.350 Loading class java/lang/Process$PipeInputStream
Event: 3731.968 Loading class java/lang/Process$PipeInputStream done
Event: 3740.416 Loading class jdk/internal/event/ProcessStartEvent
Event: 3740.553 Loading class jdk/internal/event/ProcessStartEvent done
Event: 3750.696 Loading class java/util/stream/ReferencePipeline$15
Event: 3750.809 Loading class java/util/stream/ReferencePipeline$15 done
Event: 3750.870 Loading class java/util/stream/ReferencePipeline$15$1
Event: 3750.922 Loading class java/util/stream/ReferencePipeline$15$1 done
Event: 3890.018 Loading class sun/nio/cs/US_ASCII$Encoder
Event: 3890.444 Loading class sun/nio/cs/US_ASCII$Encoder done
Event: 3890.455 Loading class sun/nio/cs/Surrogate$Parser
Event: 3890.581 Loading class sun/nio/cs/Surrogate$Parser done
Event: 3890.583 Loading class sun/nio/cs/Surrogate
Event: 3890.769 Loading class sun/nio/cs/Surrogate done
Event: 3901.585 Loading class java/io/BufferedReader$1
Event: 3904.526 Loading class java/io/BufferedReader$1 done

Classes unloaded (20 events):
Event: 3793.599 Thread 0x0000028659cb4710 Unloading class 0x0000000101ac8800 'jdk/internal/reflect/GeneratedSerializationConstructorAccessor155'
Event: 3793.599 Thread 0x0000028659cb4710 Unloading class 0x0000000101ac8400 'jdk/internal/reflect/GeneratedSerializationConstructorAccessor154'
Event: 3793.599 Thread 0x0000028659cb4710 Unloading class 0x0000000101ac8000 'jdk/internal/reflect/GeneratedSerializationConstructorAccessor153'
Event: 3793.599 Thread 0x0000028659cb4710 Unloading class 0x0000000101ac7c00 'jdk/internal/reflect/GeneratedSerializationConstructorAccessor152'
Event: 3793.599 Thread 0x0000028659cb4710 Unloading class 0x0000000101ac7800 'jdk/internal/reflect/GeneratedSerializationConstructorAccessor151'
Event: 3793.601 Thread 0x0000028659cb4710 Unloading class 0x0000000101ac7400 'jdk/internal/reflect/GeneratedSerializationConstructorAccessor150'
Event: 3793.601 Thread 0x0000028659cb4710 Unloading class 0x0000000101ac7000 'jdk/internal/reflect/GeneratedSerializationConstructorAccessor149'
Event: 3793.601 Thread 0x0000028659cb4710 Unloading class 0x0000000101ac6c00 'jdk/internal/reflect/GeneratedSerializationConstructorAccessor148'
Event: 3793.601 Thread 0x0000028659cb4710 Unloading class 0x0000000101ac6800 'jdk/internal/reflect/GeneratedSerializationConstructorAccessor147'
Event: 3793.604 Thread 0x0000028659cb4710 Unloading class 0x0000000101ac6400 'jdk/internal/reflect/GeneratedSerializationConstructorAccessor146'
Event: 3793.604 Thread 0x0000028659cb4710 Unloading class 0x0000000101ac6000 'jdk/internal/reflect/GeneratedSerializationConstructorAccessor145'
Event: 3793.605 Thread 0x0000028659cb4710 Unloading class 0x0000000101ac5c00 'jdk/internal/reflect/GeneratedSerializationConstructorAccessor144'
Event: 3793.605 Thread 0x0000028659cb4710 Unloading class 0x0000000101ac5800 'jdk/internal/reflect/GeneratedSerializationConstructorAccessor143'
Event: 3793.605 Thread 0x0000028659cb4710 Unloading class 0x0000000101ac5400 'jdk/internal/reflect/GeneratedSerializationConstructorAccessor142'
Event: 3793.605 Thread 0x0000028659cb4710 Unloading class 0x0000000101ac5000 'jdk/internal/reflect/GeneratedSerializationConstructorAccessor141'
Event: 3793.605 Thread 0x0000028659cb4710 Unloading class 0x0000000101ac4c00 'jdk/internal/reflect/GeneratedSerializationConstructorAccessor140'
Event: 3793.606 Thread 0x0000028659cb4710 Unloading class 0x0000000101ac4800 'jdk/internal/reflect/GeneratedSerializationConstructorAccessor139'
Event: 3793.606 Thread 0x0000028659cb4710 Unloading class 0x0000000101ac4400 'jdk/internal/reflect/GeneratedSerializationConstructorAccessor138'
Event: 3793.610 Thread 0x0000028659cb4710 Unloading class 0x0000000101a90400 'jdk/internal/reflect/GeneratedSerializationConstructorAccessor137'
Event: 3795.364 Thread 0x0000028659cb4710 Unloading class 0x00000001001c0c00 'java/lang/invoke/LambdaForm$MH+0x00000001001c0c00'

Classes redefined (0 events):
No events

Internal exceptions (20 events):
Event: 3629.067 Thread 0x000002867319cec0 Exception <a 'sun/nio/fs/WindowsException'{0x00000000ffcea838}> (0x00000000ffcea838) 
thrown [s\src\hotspot\share\prims\jni.cpp, line 535]
Event: 3630.296 Thread 0x000002867319cec0 Exception <a 'java/lang/NoSuchMethodError'{0x00000000ffbd7ad8}: static Lcom/android/build/gradle/internal/tasks/MergeJavaResWorkAction$SourcedInput;.<clinit>()V> (0x00000000ffbd7ad8) 
thrown [s\src\hotspot\share\prims\jni.cpp, line 1135]
Event: 3630.503 Thread 0x0000028660991f50 Exception <a 'sun/nio/fs/WindowsException'{0x00000000ff4017f8}> (0x00000000ff4017f8) 
thrown [s\src\hotspot\share\prims\jni.cpp, line 535]
Event: 3630.503 Thread 0x0000028660991f50 Exception <a 'sun/nio/fs/WindowsException'{0x00000000ff401ad0}> (0x00000000ff401ad0) 
thrown [s\src\hotspot\share\prims\jni.cpp, line 535]
Event: 3630.581 Thread 0x000002867319f620 Exception <a 'sun/nio/fs/WindowsException'{0x00000000ff427728}> (0x00000000ff427728) 
thrown [s\src\hotspot\share\prims\jni.cpp, line 535]
Event: 3630.582 Thread 0x000002867319f620 Exception <a 'sun/nio/fs/WindowsException'{0x00000000ff42a410}> (0x00000000ff42a410) 
thrown [s\src\hotspot\share\prims\jni.cpp, line 535]
Event: 3630.583 Thread 0x000002867319f620 Exception <a 'sun/nio/fs/WindowsException'{0x00000000ff42dd30}> (0x00000000ff42dd30) 
thrown [s\src\hotspot\share\prims\jni.cpp, line 535]
Event: 3630.584 Thread 0x000002867319f620 Exception <a 'sun/nio/fs/WindowsException'{0x00000000ff430848}> (0x00000000ff430848) 
thrown [s\src\hotspot\share\prims\jni.cpp, line 535]
Event: 3630.584 Thread 0x000002867319f620 Exception <a 'sun/nio/fs/WindowsException'{0x00000000ff4334e8}> (0x00000000ff4334e8) 
thrown [s\src\hotspot\share\prims\jni.cpp, line 535]
Event: 3630.968 Thread 0x000002867319f620 Exception <a 'java/lang/NoSuchMethodError'{0x00000000ff4a24f0}: static Lcom/android/build/gradle/internal/scope/InternalArtifactType;.<clinit>()V> (0x00000000ff4a24f0) 
thrown [s\src\hotspot\share\prims\jni.cpp, line 1135]
Event: 3630.972 Thread 0x000002867319f620 Exception <a 'java/lang/NoSuchMethodError'{0x00000000ff4ac600}: static Lcom/android/build/gradle/internal/scope/InternalArtifactType;.<clinit>()V> (0x00000000ff4ac600) 
thrown [s\src\hotspot\share\prims\jni.cpp, line 1135]
Event: 3630.974 Thread 0x000002867319f620 Exception <a 'java/lang/NoSuchMethodError'{0x00000000ff4b0be0}: static Lcom/android/build/api/artifact/Artifact$Single;.<clinit>()V> (0x00000000ff4b0be0) 
thrown [s\src\hotspot\share\prims\jni.cpp, line 1135]
Event: 3630.974 Thread 0x000002867319f620 Exception <a 'java/lang/NoSuchMethodError'{0x00000000ff4b34c0}: static Ljava/lang/Object;.<clinit>()V> (0x00000000ff4b34c0) 
thrown [s\src\hotspot\share\prims\jni.cpp, line 1135]
Event: 3630.989 Thread 0x000002867319f620 Exception <a 'java/lang/NoSuchMethodError'{0x00000000ff4db578}: static Lcom/android/build/api/artifact/ArtifactKind;.<clinit>()V> (0x00000000ff4db578) 
thrown [s\src\hotspot\share\prims\jni.cpp, line 1135]
Event: 3630.989 Thread 0x000002867319f620 Exception <a 'java/lang/NoSuchMethodError'{0x00000000ff4dcc88}: static Lcom/android/build/api/artifact/ArtifactKind;.<clinit>()V> (0x00000000ff4dcc88) 
thrown [s\src\hotspot\share\prims\jni.cpp, line 1135]
Event: 3632.370 Thread 0x000002867319f620 Exception <a 'sun/nio/fs/WindowsException'{0x00000000ff16f9e0}> (0x00000000ff16f9e0) 
thrown [s\src\hotspot\share\prims\jni.cpp, line 535]
Event: 3632.459 Thread 0x000002867319f620 Exception <a 'sun/nio/fs/WindowsException'{0x00000000ff188a00}> (0x00000000ff188a00) 
thrown [s\src\hotspot\share\prims\jni.cpp, line 535]
Event: 3638.080 Thread 0x000002867319f620 Exception <a 'sun/nio/fs/WindowsException'{0x00000000ff1a4100}> (0x00000000ff1a4100) 
thrown [s\src\hotspot\share\prims\jni.cpp, line 535]
Event: 3724.014 Thread 0x000002867319f620 Exception <a 'java/lang/NoSuchMethodError'{0x00000000bfd0a298}: 'void java.lang.invoke.DirectMethodHandle$Holder.invokeStatic(java.lang.Object, long)'> (0x00000000bfd0a298) 
thrown [s\src\hotspot\share\interpreter\linkResolver.cpp, line 784]
Event: 3730.755 Thread 0x000002867319f620 Exception <a 'java/lang/NoSuchMethodError'{0x00000000fff140e0}: 'java.lang.Object java.lang.invoke.DirectMethodHandle$Holder.invokeStaticInit(java.lang.Object, long, java.lang.Object)'> (0x00000000fff140e0) 
thrown [s\src\hotspot\share\interpreter\linkResolver.cpp, line 784]

ZGC Phase Switch (0 events):
No events

VM Operations (20 events):
Event: 3789.715 Executing VM operation: HandshakeAllThreads (HandshakeForDeflation) done
Event: 3789.715 Executing VM operation: RendezvousGCThreads
Event: 3789.906 Executing VM operation: RendezvousGCThreads done
Event: 3791.969 Executing VM operation: G1PauseRemark
Event: 3878.358 Executing VM operation: G1PauseRemark done
Event: 3886.470 Executing VM operation: Cleanup
Event: 3887.507 Executing VM operation: Cleanup done
Event: 3888.512 Executing VM operation: Cleanup
Event: 3889.027 Executing VM operation: Cleanup done
Event: 3891.029 Executing VM operation: Cleanup
Event: 3891.784 Executing VM operation: Cleanup done
Event: 3892.819 Executing VM operation: Cleanup
Event: 3893.779 Executing VM operation: Cleanup done
Event: 3901.920 Executing VM operation: Cleanup
Event: 3904.993 Executing VM operation: Cleanup done
Event: 3906.004 Executing VM operation: Cleanup
Event: 3907.341 Executing VM operation: Cleanup done
Event: 3908.355 Executing VM operation: Cleanup
Event: 3917.743 Executing VM operation: Cleanup done
Event: 3918.166 Executing VM operation: G1CollectForAllocation (G1 Evacuation Pause)

Memory protections (0 events):
No events

Nmethod flushes (20 events):
Event: 3873.113 Thread 0x0000028659cb4710 flushing  nmethod 0x0000028647611590
Event: 3873.114 Thread 0x0000028659cb4710 flushing  nmethod 0x0000028647679e90
Event: 3873.117 Thread 0x0000028659cb4710 flushing  nmethod 0x000002864767c090
Event: 3873.117 Thread 0x0000028659cb4710 flushing  nmethod 0x0000028647684410
Event: 3873.119 Thread 0x0000028659cb4710 flushing  nmethod 0x0000028647689810
Event: 3873.120 Thread 0x0000028659cb4710 flushing  nmethod 0x0000028647ba2510
Event: 3873.120 Thread 0x0000028659cb4710 flushing  nmethod 0x0000028647bd9390
Event: 3873.120 Thread 0x0000028659cb4710 flushing  nmethod 0x0000028647bdb090
Event: 3873.121 Thread 0x0000028659cb4710 flushing  nmethod 0x0000028647bdd490
Event: 3873.123 Thread 0x0000028659cb4710 flushing  nmethod 0x0000028647bde290
Event: 3873.125 Thread 0x0000028659cb4710 flushing  nmethod 0x0000028647be1190
Event: 3873.126 Thread 0x0000028659cb4710 flushing  nmethod 0x0000028647c38b90
Event: 3873.127 Thread 0x0000028659cb4710 flushing  nmethod 0x0000028647c3e390
Event: 3873.129 Thread 0x0000028659cb4710 flushing  nmethod 0x0000028647d78810
Event: 3873.131 Thread 0x0000028659cb4710 flushing  nmethod 0x0000028647d79010
Event: 3873.132 Thread 0x0000028659cb4710 flushing  nmethod 0x0000028647d79710
Event: 3873.132 Thread 0x0000028659cb4710 flushing  nmethod 0x0000028647d7a110
Event: 3873.133 Thread 0x0000028659cb4710 flushing  nmethod 0x0000028647d7b490
Event: 3873.135 Thread 0x0000028659cb4710 flushing  nmethod 0x0000028647d7bb90
Event: 3873.137 Thread 0x0000028659cb4710 flushing  nmethod 0x0000028647f05a10

Events (20 events):
Event: 3632.211 Thread 0x000002867319f620 Thread added: 0x000002866d060760
Event: 3654.978 Thread 0x000002867319f620 Thread added: 0x000002866d064270
Event: 3654.988 Thread 0x000002867319f620 Thread added: 0x000002866d061b10
Event: 3655.010 Thread 0x000002867319f620 Thread added: 0x000002866d068410
Event: 3655.024 Thread 0x000002867319f620 Thread added: 0x000002866d065cb0
Event: 3655.033 Thread 0x000002867319f620 Thread added: 0x000002866d06b200
Event: 3655.043 Thread 0x000002867319f620 Thread added: 0x000002866d06a4e0
Event: 3655.048 Thread 0x000002867319f620 Thread added: 0x000002866d06bf20
Event: 3715.248 Thread 0x000002867319f620 Thread added: 0x000002866d06cc40
Event: 3742.216 Thread 0x000002866d065cb0 Thread added: 0x000002866d06dff0
Event: 3742.224 Thread 0x000002866d065cb0 Thread added: 0x000002866d06e680
Event: 3742.297 Thread 0x000002867319f620 Thread added: 0x000002866d06ed10
Event: 3742.301 Thread 0x000002867319f620 Thread added: 0x000002866d06b890
Event: 3890.245 Thread 0x000002867319f620 Thread added: 0x000002865f3b7d10
Event: 3890.275 Thread 0x000002867319f620 Thread added: 0x000002865f3bb820
Event: 3890.285 Thread 0x000002867319f620 Thread added: 0x000002865f3ba470
Event: 3890.295 Thread 0x000002867319f620 Thread added: 0x000002865f3bab00
Event: 3890.318 Thread 0x000002867319f620 Thread added: 0x000002865f3b83a0
Event: 3890.327 Thread 0x000002867319f620 Thread added: 0x000002865f3be610
Event: 3890.335 Thread 0x000002867319f620 Thread added: 0x000002865f3bdf80


Dynamic libraries:
0x00007ff62cec0000 - 0x00007ff62ceca000 	C:\Program Files\Android\Android Studio\jbr\bin\java.exe
0x00007ffe6a920000 - 0x00007ffe6ab83000 	C:\WINDOWS\SYSTEM32\ntdll.dll
0x00007ffe68c80000 - 0x00007ffe68d47000 	C:\WINDOWS\System32\KERNEL32.DLL
0x00007ffe67b50000 - 0x00007ffe67f19000 	C:\WINDOWS\System32\KERNELBASE.dll
0x00007ffe683e0000 - 0x00007ffe6852c000 	C:\WINDOWS\System32\ucrtbase.dll
0x00007ffe63f40000 - 0x00007ffe63f5b000 	C:\Program Files\Android\Android Studio\jbr\bin\VCRUNTIME140.dll
0x00007ffe42c00000 - 0x00007ffe42c18000 	C:\Program Files\Android\Android Studio\jbr\bin\jli.dll
0x00007ffe68a00000 - 0x00007ffe68bca000 	C:\WINDOWS\System32\USER32.dll
0x00007ffe67b20000 - 0x00007ffe67b47000 	C:\WINDOWS\System32\win32u.dll
0x00007ffe4e7c0000 - 0x00007ffe4ea50000 	C:\WINDOWS\WinSxS\amd64_microsoft.windows.common-controls_6595b64144ccf1df_6.0.26100.3323_none_3e088096e3344490\COMCTL32.dll
0x00007ffe68ec0000 - 0x00007ffe68eea000 	C:\WINDOWS\System32\GDI32.dll
0x00007ffe688d0000 - 0x00007ffe68979000 	C:\WINDOWS\System32\msvcrt.dll
0x00007ffe682a0000 - 0x00007ffe683d1000 	C:\WINDOWS\System32\gdi32full.dll
0x00007ffe681f0000 - 0x00007ffe68293000 	C:\WINDOWS\System32\msvcp_win.dll
0x00007ffe68bd0000 - 0x00007ffe68bff000 	C:\WINDOWS\System32\IMM32.DLL
0x00007ffe63f30000 - 0x00007ffe63f3c000 	C:\Program Files\Android\Android Studio\jbr\bin\vcruntime140_1.dll
0x00007ffe3e510000 - 0x00007ffe3e59d000 	C:\Program Files\Android\Android Studio\jbr\bin\msvcp140.dll
0x00007ffe10e40000 - 0x00007ffe11aca000 	C:\Program Files\Android\Android Studio\jbr\bin\server\jvm.dll
0x00007ffe69200000 - 0x00007ffe692b2000 	C:\WINDOWS\System32\ADVAPI32.dll
0x00007ffe69c80000 - 0x00007ffe69d26000 	C:\WINDOWS\System32\sechost.dll
0x00007ffe69ae0000 - 0x00007ffe69bf6000 	C:\WINDOWS\System32\RPCRT4.dll
0x00007ffe69c00000 - 0x00007ffe69c74000 	C:\WINDOWS\System32\WS2_32.dll
0x00007ffe667d0000 - 0x00007ffe6681e000 	C:\WINDOWS\SYSTEM32\POWRPROF.dll
0x00007ffe57bd0000 - 0x00007ffe57c06000 	C:\WINDOWS\SYSTEM32\WINMM.dll
0x00007ffe603e0000 - 0x00007ffe603eb000 	C:\WINDOWS\SYSTEM32\VERSION.dll
0x00007ffe667b0000 - 0x00007ffe667c4000 	C:\WINDOWS\SYSTEM32\UMPDC.dll
0x00007ffe66a50000 - 0x00007ffe66a6a000 	C:\WINDOWS\SYSTEM32\kernel.appcore.dll
0x00007ffe63f20000 - 0x00007ffe63f2a000 	C:\Program Files\Android\Android Studio\jbr\bin\jimage.dll
0x00007ffe65500000 - 0x00007ffe65741000 	C:\WINDOWS\SYSTEM32\DBGHELP.DLL
0x00007ffe695f0000 - 0x00007ffe69972000 	C:\WINDOWS\System32\combase.dll
0x00007ffe68de0000 - 0x00007ffe68eb6000 	C:\WINDOWS\System32\OLEAUT32.dll
0x00007ffe30b90000 - 0x00007ffe30bc9000 	C:\WINDOWS\SYSTEM32\dbgcore.DLL
0x00007ffe68530000 - 0x00007ffe685c9000 	C:\WINDOWS\System32\bcryptPrimitives.dll
0x00007ffe63ed0000 - 0x00007ffe63ede000 	C:\Program Files\Android\Android Studio\jbr\bin\instrument.dll
0x00007ffe61640000 - 0x00007ffe61660000 	C:\Program Files\Android\Android Studio\jbr\bin\java.dll
0x00007ffe614e0000 - 0x00007ffe614f8000 	C:\Program Files\Android\Android Studio\jbr\bin\zip.dll
0x00007ffe69d30000 - 0x00007ffe6a445000 	C:\WINDOWS\System32\SHELL32.dll
0x00007ffe685d0000 - 0x00007ffe68738000 	C:\WINDOWS\System32\wintypes.dll
0x00007ffe65840000 - 0x00007ffe66085000 	C:\WINDOWS\SYSTEM32\windows.storage.dll
0x00007ffe699e0000 - 0x00007ffe69acb000 	C:\WINDOWS\System32\SHCORE.dll
0x00007ffe693f0000 - 0x00007ffe6944d000 	C:\WINDOWS\System32\shlwapi.dll
0x00007ffe67a30000 - 0x00007ffe67a5f000 	C:\WINDOWS\SYSTEM32\profapi.dll
0x00007ffe63e60000 - 0x00007ffe63e70000 	C:\Program Files\Android\Android Studio\jbr\bin\net.dll
0x00007ffe60270000 - 0x00007ffe6038e000 	C:\WINDOWS\SYSTEM32\WINHTTP.dll
0x00007ffe66f70000 - 0x00007ffe66fda000 	C:\WINDOWS\system32\mswsock.dll
0x00007ffe557e0000 - 0x00007ffe557f6000 	C:\Program Files\Android\Android Studio\jbr\bin\nio.dll
0x00007ffe514f0000 - 0x00007ffe51500000 	C:\Program Files\Android\Android Studio\jbr\bin\verify.dll
0x00007ffe42260000 - 0x00007ffe42287000 	C:\Users\USER\.gradle\native\c067742578af261105cb4f569cf0c3c89f3d7b1fecec35dd04571415982c5e48\windows-amd64\native-platform.dll
0x00007ffe39770000 - 0x00007ffe398b4000 	C:\Users\USER\.gradle\native\100fb08df4bc3b14c8652ba06237920a3bd2aa13389f12d3474272988ae205f9\windows-amd64\native-platform-file-events.dll
0x00007ffe557d0000 - 0x00007ffe557d9000 	C:\Program Files\Android\Android Studio\jbr\bin\management.dll
0x00007ffe543e0000 - 0x00007ffe543eb000 	C:\Program Files\Android\Android Studio\jbr\bin\management_ext.dll
0x00007ffe68760000 - 0x00007ffe68768000 	C:\WINDOWS\System32\PSAPI.DLL
0x00007ffe67220000 - 0x00007ffe6723c000 	C:\WINDOWS\SYSTEM32\CRYPTSP.dll
0x00007ffe669b0000 - 0x00007ffe669ea000 	C:\WINDOWS\system32\rsaenh.dll
0x00007ffe67010000 - 0x00007ffe6703b000 	C:\WINDOWS\SYSTEM32\USERENV.dll
0x00007ffe67450000 - 0x00007ffe67476000 	C:\WINDOWS\SYSTEM32\bcrypt.dll
0x00007ffe67210000 - 0x00007ffe6721c000 	C:\WINDOWS\SYSTEM32\CRYPTBASE.dll
0x00007ffe663f0000 - 0x00007ffe66423000 	C:\WINDOWS\SYSTEM32\IPHLPAPI.DLL
0x00007ffe699d0000 - 0x00007ffe699da000 	C:\WINDOWS\System32\NSI.dll
0x00007ffe614d0000 - 0x00007ffe614d9000 	C:\Program Files\Android\Android Studio\jbr\bin\extnet.dll
0x00007ffe61050000 - 0x00007ffe61058000 	C:\WINDOWS\system32\wshunix.dll
0x00007ffe66b70000 - 0x00007ffe66ba5000 	C:\WINDOWS\SYSTEM32\ntmarta.dll
0x00007ffe66480000 - 0x00007ffe665a5000 	C:\WINDOWS\SYSTEM32\DNSAPI.dll
0x00007ffe5ef50000 - 0x00007ffe5ef5b000 	C:\Windows\System32\rasadhlp.dll
0x00007ffe5f760000 - 0x00007ffe5f7e5000 	C:\WINDOWS\System32\fwpuclnt.dll
0x00007ffe64140000 - 0x00007ffe641dc000 	C:\WINDOWS\system32\apphelp.dll

dbghelp: loaded successfully - version: 4.0.5 - missing functions: none
symbol engine: initialized successfully - sym options: 0x614 - pdb path: .;C:\Program Files\Android\Android Studio\jbr\bin;C:\WINDOWS\SYSTEM32;C:\WINDOWS\WinSxS\amd64_microsoft.windows.common-controls_6595b64144ccf1df_6.0.26100.3323_none_3e088096e3344490;C:\Program Files\Android\Android Studio\jbr\bin\server;C:\Users\USER\.gradle\native\c067742578af261105cb4f569cf0c3c89f3d7b1fecec35dd04571415982c5e48\windows-amd64;C:\Users\USER\.gradle\native\100fb08df4bc3b14c8652ba06237920a3bd2aa13389f12d3474272988ae205f9\windows-amd64

VM Arguments:
jvm_args: --add-opens=java.base/java.util=ALL-UNNAMED --add-opens=java.base/java.lang=ALL-UNNAMED --add-opens=java.base/java.lang.invoke=ALL-UNNAMED --add-opens=java.prefs/java.util.prefs=ALL-UNNAMED --add-exports=jdk.compiler/com.sun.tools.javac.api=ALL-UNNAMED --add-exports=jdk.compiler/com.sun.tools.javac.util=ALL-UNNAMED --add-opens=java.base/java.nio.charset=ALL-UNNAMED --add-opens=java.base/java.net=ALL-UNNAMED --add-opens=java.base/java.util.concurrent.atomic=ALL-UNNAMED -Xmx2048m -Dfile.encoding=UTF-8 -Duser.country=ID -Duser.language=en -Duser.variant -javaagent:C:\Users\USER\.gradle\wrapper\dists\gradle-8.10.2-bin\a04bxjujx95o3nb99gddekhwo\gradle-8.10.2\lib\agents\gradle-instrumentation-agent-8.10.2.jar 
java_command: org.gradle.launcher.daemon.bootstrap.GradleDaemon 8.10.2
java_class_path (initial): C:\Users\USER\.gradle\wrapper\dists\gradle-8.10.2-bin\a04bxjujx95o3nb99gddekhwo\gradle-8.10.2\lib\gradle-daemon-main-8.10.2.jar
Launcher Type: SUN_STANDARD

[Global flags]
     intx CICompilerCount                          = 4                                         {product} {ergonomic}
     uint ConcGCThreads                            = 2                                         {product} {ergonomic}
     uint G1ConcRefinementThreads                  = 8                                         {product} {ergonomic}
   size_t G1HeapRegionSize                         = 1048576                                   {product} {ergonomic}
    uintx GCDrainStackTargetSize                   = 64                                        {product} {ergonomic}
   size_t InitialHeapSize                          = 67108864                                  {product} {ergonomic}
   size_t MarkStackSize                            = 4194304                                   {product} {ergonomic}
   size_t MaxHeapSize                              = 2147483648                                {product} {command line}
   size_t MaxNewSize                               = 1287651328                                {product} {ergonomic}
   size_t MinHeapDeltaBytes                        = 1048576                                   {product} {ergonomic}
   size_t MinHeapSize                              = 8388608                                   {product} {ergonomic}
    uintx NonNMethodCodeHeapSize                   = 5839372                                {pd product} {ergonomic}
    uintx NonProfiledCodeHeapSize                  = 122909434                              {pd product} {ergonomic}
    uintx ProfiledCodeHeapSize                     = 122909434                              {pd product} {ergonomic}
    uintx ReservedCodeCacheSize                    = 251658240                              {pd product} {ergonomic}
     bool SegmentedCodeCache                       = true                                      {product} {ergonomic}
   size_t SoftMaxHeapSize                          = 2147483648                             {manageable} {ergonomic}
     bool UseCompressedOops                        = true                           {product lp64_product} {ergonomic}
     bool UseG1GC                                  = true                                      {product} {ergonomic}
     bool UseLargePagesIndividualAllocation        = false                                  {pd product} {ergonomic}

Logging:
Log output configuration:
 #0: stdout all=warning uptime,level,tags foldmultilines=false
 #1: stderr all=off uptime,level,tags foldmultilines=false

Environment Variables:
PATH=C:\Windows\system32;C:\Windows;C:\Windows\System32\Wbem;C:\Windows\System32\WindowsPowerShell\v1.0\;C:\Windows\System32\OpenSSH\;C:\Program Files (x86)\NVIDIA Corporation\PhysX\Common;C:\Program Files (x86)\HP\Common\HPDestPlgIn\;C:\WINDOWS\system32;C:\WINDOWS;C:\WINDOWS\System32\Wbem;C:\WINDOWS\System32\WindowsPowerShell\v1.0\;C:\WINDOWS\System32\OpenSSH\;C:\Program Files\IBM\SPSS\Statistics\23\JRE\bin;C:\Program Files\Git\cmd;C:\Users\USER\AppData\Local\Programs\Python\Python312\Scripts\;C:\Users\USER\AppData\Local\Programs\Python\Python312\;C:\Users\USER\AppData\Local\Microsoft\WindowsApps;C:\Program Files (x86)\HP\Common\HPDestPlgIn\;C:\Users\USER\AppData\Local\Programs\Microsoft VS Code\bin;
USERNAME=USER
OS=Windows_NT
PROCESSOR_IDENTIFIER=Intel64 Family 6 Model 142 Stepping 10, GenuineIntel
TMP=C:\Users\USER\AppData\Local\Temp
TEMP=C:\Users\USER\AppData\Local\Temp




Periodic native trim disabled

JNI global refs:
JNI global refs: 28, weak refs: 0

JNI global refs memory usage: 835, weak refs: 833

Process memory usage:
Resident Set Size: 2316K (0% of 4078728K total physical memory with 52092K free physical memory)

OOME stack traces (most recent first):
Classloader memory used:
Loader org.gradle.internal.classloader.VisitableURLClassLoader                         : 105M
Loader org.gradle.internal.classloader.VisitableURLClassLoader$InstrumentingVisitableURLClassLoader: 41842K
Loader bootstrap                                                                       : 32028K
Loader org.gradle.initialization.MixInLegacyTypesClassLoader                           : 16246K
Loader org.gradle.internal.classloader.VisitableURLClassLoader                         : 8683K
Loader jdk.internal.loader.ClassLoaders$AppClassLoader                                 : 7714K
Loader jdk.internal.loader.ClassLoaders$PlatformClassLoader                            : 986K
Loader jdk.internal.reflect.DelegatingClassLoader                                      : 387K
Loader jdk.internal.jrtfs.JrtFileSystemProvider$JrtFsLoader                            : 338K
Loader org.gradle.groovy.scripts.internal.DefaultScriptCompilationHandler$ScriptClassLoader: 90024B

